etudiant_id,age,genre,niveau_etudes,nb_connexions_semaine,temps_etude_hebdo,exercices_completes_pct,videos_vues_pct,participation_forums,nb_devoirs_rendus,revenu_famille,score_motivation,nombre_absences,acces_internet,note_mi_parcours,note_finale,reussite,niveau_etudes_num,genre_num,revenu_famille_num,acces_internet_num
1,23.0,M,L3,9.7,9.2,65.0,73.5,3.0,8.0,Élevé,5.2,3.0,Stable,10.17,9.03,0,3,1,2,2
2,17.0,M,M2,8.3,12.2,59.4,81.0,1.0,8.0,Bas,7.8,2.0,Instable,12.08,3.71,0,5,1,0,1
3,25.0,F,L2,9.0,10.7,83.6,60.9,10.0,8.0,Moyen,8.2,1.0,Stable,10.88,6.62,0,2,0,1,2
4,26.0,M,L3,10.3,8.1,33.2,75.8,5.0,9.0,Moyen,6.5,5.0,Stable,5.5,0.0,0,3,1,1,2
5,17.0,M,L2,5.6,10.6,26.2,91.7,6.0,9.0,Élevé,5.0,1.0,Stable,8.16,10.42,1,2,1,2,2
6,17.0,F,M1,10.6,13.0,68.8,44.4,6.0,9.0,Moyen,7.0,1.0,Stable,14.4,17.85,1,4,0,1,2
7,22.0,F,L2,3.9,8.2,76.2,53.5,9.0,9.0,Moyen,6.1,4.0,Limité,10.94,7.45,0,2,0,1,0
8,20.0,F,L3,9.0,8.0,44.7,44.4,5.0,5.0,Moyen,6.1,2.0,Stable,7.5,3.0,0,3,0,1,2
9,21.0,M,L2,8.5,5.2,86.7,79.3,4.0,8.0,Moyen,5.6,5.0,Instable,7.34,7.55,0,2,1,1,1
10,17.0,F,L2,6.2,14.0,96.7,79.8,5.0,8.0,Moyen,8.2,2.0,Stable,16.59,13.18,1,2,0,1,2
11,26.0,F,L3,7.9,14.7,79.6,30.0,4.0,9.0,Moyen,6.9,4.0,Stable,12.5,13.66,1,3,0,1,2
12,25.0,M,L2,6.1,13.2,39.3,70.9,9.0,7.0,Moyen,8.4,3.0,Stable,8.43,9.31,0,2,1,1,2
13,22.0,F,M1,4.8,16.8,78.7,48.8,4.0,5.0,Bas,8.9,1.0,Stable,12.34,12.9,1,4,0,0,2
14,27.0,M,L2,6.9,12.4,76.1,77.5,3.0,6.0,Bas,7.3,1.0,Stable,10.85,13.06,1,2,1,0,2
15,24.0,M,L3,4.7,14.0,95.7,40.4,6.0,7.0,Moyen,5.6,2.0,Stable,13.37,13.56,1,3,1,1,2
16,17.0,F,L2,9.0,13.5,73.3,61.0,5.0,6.0,Bas,8.4,4.0,Limité,12.47,13.93,1,2,0,0,0
17,23.0,M,L2,4.5,11.5,85.5,85.7,1.0,8.0,Moyen,7.3,1.0,Stable,11.63,7.14,0,2,1,1,2
18,17.0,M,L2,10.1,9.3,81.5,74.0,5.0,6.0,Bas,10.0,2.0,Limité,12.75,15.79,1,2,1,0,0
19,26.0,F,L1,4.5,23.1,96.4,54.3,5.0,6.0,Moyen,7.1,2.0,Stable,17.84,20.0,1,1,0,1,2
20,21.0,F,L1,6.3,9.7,56.5,32.5,3.0,10.0,Moyen,7.8,2.0,Stable,13.73,13.87,1,1,0,1,2
21,21.0,F,L3,6.1,8.7,83.4,60.2,9.0,8.0,Moyen,7.0,1.0,Stable,9.71,12.17,1,3,0,1,2
22,18.0,F,L3,12.0,14.2,92.8,70.5,7.0,8.0,Moyen,6.3,2.0,Stable,14.97,15.11,1,3,0,1,2
23,28.0,F,L3,9.0,13.3,70.8,99.7,4.0,9.0,Bas,6.0,2.0,Stable,12.88,16.54,1,3,0,0,2
24,21.0,M,L1,7.4,5.0,76.4,87.0,8.0,6.0,Bas,7.0,2.0,Stable,8.72,7.69,0,1,1,0,2
25,19.0,M,L2,9.5,17.6,88.7,62.3,6.0,10.0,Moyen,7.4,5.0,Stable,15.39,10.96,1,2,1,1,2
26,20.0,M,L1,1.7,11.5,71.8,88.9,9.0,7.0,Élevé,8.6,2.0,Instable,13.48,16.83,1,1,1,2,1
27,24.0,M,L3,7.9,6.4,62.2,69.3,3.0,4.0,Moyen,7.1,10.0,Stable,8.57,0.0,0,3,1,1,2
28,23.0,F,M1,14.0,17.9,76.4,75.1,4.0,8.0,Moyen,5.7,2.0,Limité,16.72,18.46,1,4,0,1,0
29,24.0,M,L1,8.4,15.1,80.0,94.2,5.0,8.0,Moyen,5.9,3.0,Stable,10.56,9.29,0,1,1,1,2
30,24.0,M,L3,8.2,5.7,60.1,42.2,3.0,7.0,Moyen,4.1,1.0,Stable,7.8,3.51,0,3,1,1,2
31,32.0,M,L1,9.6,20.9,63.3,59.0,6.0,6.0,Moyen,9.5,2.0,Stable,17.24,19.69,1,1,1,1,2
32,19.0,M,L1,10.7,15.3,87.1,72.4,7.0,9.0,Moyen,5.5,3.0,Stable,15.79,12.78,1,1,1,1,2
33,19.0,F,L1,2.0,11.9,90.0,83.3,3.0,8.0,Bas,8.2,3.0,Limité,14.55,16.61,1,1,0,0,0
34,17.0,M,L1,3.0,20.0,84.7,71.6,6.0,7.0,Bas,7.0,1.0,Instable,18.18,20.0,1,1,1,0,1
35,25.0,M,L3,8.6,12.8,51.3,85.2,3.0,5.0,Moyen,7.0,6.0,Stable,7.51,2.74,0,3,1,1,2
36,27.0,M,M1,5.9,11.9,90.8,90.4,3.0,8.0,Moyen,6.3,0.0,Stable,15.25,20.0,1,4,1,1,2
37,21.0,M,L1,11.9,8.7,77.7,92.0,4.0,8.0,Moyen,5.1,3.0,Instable,12.92,12.09,1,1,1,1,1
38,17.0,F,L2,7.1,14.9,84.2,75.3,6.0,4.0,Moyen,4.8,2.0,Stable,13.14,15.09,1,2,0,1,2
39,17.0,M,L3,2.2,14.4,63.0,71.4,2.0,9.0,Bas,9.6,4.0,Stable,16.38,20.0,1,3,1,0,2
40,25.0,M,M2,4.2,12.1,84.7,89.1,2.0,9.0,Moyen,6.7,2.0,Stable,13.68,19.43,1,5,1,1,2
41,25.0,M,L3,1.0,8.1,69.3,71.5,9.0,7.0,Bas,8.5,1.0,Stable,7.79,10.19,1,3,1,0,2
42,24.0,F,L1,7.3,12.6,66.2,73.7,2.0,10.0,Élevé,9.0,2.0,Stable,12.88,12.47,1,1,0,2,2
43,18.0,F,L3,7.4,11.7,34.0,72.5,3.0,9.0,Bas,5.8,3.0,Stable,7.87,0.38,0,3,0,0,2
44,23.0,F,L2,6.7,5.3,67.1,81.9,9.0,7.0,Moyen,7.3,6.0,Limité,10.8,8.07,0,2,0,1,0
45,22.0,F,M2,11.2,4.6,83.1,63.4,10.0,7.0,Moyen,6.6,4.0,Stable,11.14,12.97,1,5,0,1,2
46,23.0,F,L2,11.6,14.8,86.2,83.7,6.0,8.0,Bas,4.4,2.0,Limité,13.32,14.77,1,2,0,0,0
47,26.0,M,L3,7.5,0.0,54.8,66.6,7.0,8.0,Bas,6.2,2.0,Instable,8.96,0.0,0,3,1,0,1
48,23.0,M,L1,1.6,13.0,81.1,63.2,5.0,7.0,Bas,7.6,3.0,Stable,14.76,17.63,1,1,1,0,2
49,25.0,F,L2,9.9,9.6,78.2,44.6,10.0,7.0,Moyen,5.6,3.0,Stable,10.48,12.54,1,2,0,1,2
50,22.0,M,M1,9.7,18.5,69.5,86.5,6.0,6.0,Moyen,5.9,2.0,Stable,14.1,13.47,1,4,1,1,2
51,23.0,F,L3,8.9,9.5,80.4,58.2,5.0,6.0,Moyen,6.2,2.0,Instable,12.85,15.66,1,3,0,1,1
52,25.0,M,L2,10.9,15.3,64.2,65.6,3.0,7.0,Bas,10.0,6.0,Stable,12.04,14.07,1,2,1,0,2
53,17.0,F,M1,4.5,10.0,95.0,31.2,7.0,6.0,Moyen,3.2,4.0,Limité,12.32,6.39,0,4,0,1,0
54,20.0,F,M1,14.0,12.6,69.1,73.0,8.0,6.0,Bas,7.4,4.0,Stable,12.13,16.32,1,4,0,0,2
55,19.0,M,L2,5.1,15.7,79.1,54.6,3.0,9.0,Élevé,6.0,1.0,Instable,12.67,8.39,0,2,1,2,1
56,18.0,F,L2,10.2,9.7,83.4,75.4,2.0,5.0,Moyen,5.3,2.0,Stable,8.95,7.84,0,2,0,1,2
57,20.0,F,L2,2.9,17.0,84.2,55.4,13.0,6.0,Élevé,6.0,7.0,Stable,14.59,11.56,1,2,0,2,2
58,29.0,F,L3,5.2,7.0,34.8,67.8,2.0,8.0,Élevé,7.7,2.0,Instable,4.72,0.0,0,3,0,2,1
59,17.0,M,L2,12.5,13.5,91.6,29.7,3.0,10.0,Moyen,7.8,3.0,Instable,12.89,14.65,1,2,1,1,1
60,26.0,M,L1,7.2,16.6,71.9,84.6,4.0,7.0,Moyen,6.8,2.0,Stable,11.28,17.4,1,1,1,1,2
61,17.0,F,M1,10.5,15.3,40.5,56.2,4.0,8.0,Moyen,8.5,5.0,Stable,8.22,12.31,1,4,0,1,2
62,20.0,M,M1,8.7,21.6,80.4,46.5,4.0,7.0,Élevé,8.8,4.0,Stable,16.91,20.0,1,4,1,2,2
63,22.0,M,M1,7.7,8.2,89.4,99.0,2.0,8.0,Moyen,8.0,1.0,Instable,12.34,6.27,0,4,1,1,1
64,24.0,F,M2,12.1,5.1,67.7,64.0,2.0,9.0,Moyen,5.5,0.0,Stable,9.36,3.14,0,5,0,1,2
65,25.0,F,L3,7.3,7.0,73.6,59.2,5.0,8.0,Élevé,7.4,6.0,Stable,8.2,6.1,0,3,0,2,2
66,25.0,M,L3,2.7,15.3,75.9,34.0,3.0,6.0,Élevé,7.4,2.0,Instable,12.88,12.73,1,3,1,2,1
67,20.0,M,L3,5.6,14.5,32.8,77.8,7.0,10.0,Élevé,5.0,1.0,Stable,10.61,7.93,0,3,1,2,2
68,19.0,M,L2,9.7,12.5,56.8,80.3,4.0,7.0,Bas,3.7,1.0,Stable,11.06,17.54,1,2,1,0,2
69,26.0,M,L2,9.2,6.4,68.0,70.7,3.0,8.0,Bas,2.9,3.0,Instable,10.75,7.74,0,2,1,0,1
70,21.0,F,L1,3.3,15.8,54.2,89.2,1.0,8.0,Moyen,6.6,6.0,Instable,13.07,13.16,1,1,0,1,1
71,17.0,M,L3,5.8,5.9,95.4,69.9,5.0,7.0,Moyen,7.0,1.0,Instable,11.87,15.37,1,3,1,1,1
72,17.0,M,L1,6.3,17.8,88.2,81.3,6.0,8.0,Moyen,4.4,1.0,Stable,12.8,14.09,1,1,1,1,2
73,17.0,F,L1,6.9,26.3,76.9,52.2,7.0,7.0,Bas,8.4,0.0,Stable,17.06,20.0,1,1,0,0,2
74,24.0,M,L2,3.9,13.8,80.5,53.2,5.0,7.0,Moyen,6.8,5.0,Instable,13.05,7.68,0,2,1,1,1
75,22.0,M,L2,6.1,14.9,92.0,84.4,7.0,9.0,Bas,8.9,2.0,Stable,14.0,13.44,1,2,1,0,2
76,25.0,F,L1,5.8,9.5,74.7,43.2,1.0,8.0,Moyen,7.2,5.0,Stable,9.69,3.78,0,1,0,1,2
77,19.0,F,M1,10.3,2.9,80.4,64.6,3.0,7.0,Élevé,4.6,0.0,Stable,10.01,14.55,1,4,0,2,2
78,22.0,F,M1,10.4,9.0,79.8,49.8,3.0,7.0,Moyen,7.3,0.0,Stable,15.91,19.08,1,4,0,1,2
79,25.0,F,L1,7.6,6.5,80.3,75.7,8.0,7.0,Moyen,7.7,2.0,Limité,10.44,7.54,0,1,0,1,0
80,20.0,M,L1,6.8,4.8,82.3,45.8,4.0,6.0,Bas,5.5,0.0,Stable,10.81,5.95,0,1,1,0,2
81,24.0,F,L2,8.4,20.6,51.1,76.0,8.0,9.0,Bas,3.9,5.0,Stable,10.97,15.21,1,2,0,0,2
82,18.0,F,L3,5.6,13.4,61.2,42.5,5.0,9.0,Moyen,6.7,4.0,Limité,13.52,13.31,1,3,0,1,0
83,20.0,F,M1,4.6,13.9,78.5,56.4,5.0,7.0,Moyen,4.7,4.0,Limité,14.33,17.92,1,4,0,1,0
84,20.0,F,L1,5.2,10.5,78.6,76.2,6.0,7.0,Bas,8.5,1.0,Stable,13.87,14.12,1,1,0,0,2
85,17.0,F,L3,6.1,11.1,55.5,89.6,9.0,6.0,Élevé,5.8,3.0,Limité,12.49,12.57,1,3,0,2,0
86,24.0,F,L1,4.5,16.8,76.4,69.8,7.0,9.0,Moyen,9.6,2.0,Stable,14.01,17.1,1,1,0,1,2
87,19.0,M,L2,8.5,11.8,64.6,42.3,2.0,8.0,Élevé,2.7,1.0,Instable,10.96,6.7,0,2,1,2,1
88,22.0,F,M2,10.2,14.7,57.9,81.2,4.0,7.0,Moyen,6.7,3.0,Stable,14.56,13.24,1,5,0,1,2
89,24.0,M,L1,3.2,11.0,91.2,71.8,5.0,9.0,Élevé,9.1,3.0,Stable,14.56,10.09,1,1,1,2,2
90,24.0,F,L1,8.1,10.3,69.1,42.1,3.0,8.0,Bas,4.9,1.0,Stable,8.14,9.31,0,1,0,0,2
91,25.0,F,L2,7.3,5.0,57.9,73.0,4.0,7.0,Bas,6.2,1.0,Instable,9.53,10.8,1,2,0,0,1
92,21.0,F,L3,9.0,2.1,90.8,88.1,6.0,9.0,Élevé,5.8,4.0,Stable,9.11,10.49,1,3,0,2,2
93,19.0,F,M1,8.0,10.7,51.3,77.1,4.0,8.0,Élevé,5.3,0.0,Stable,11.73,13.79,1,4,0,2,2
94,21.0,M,M2,3.6,12.3,80.9,47.2,4.0,9.0,Moyen,6.9,5.0,Instable,13.33,11.07,1,5,1,1,1
95,17.0,F,L1,4.2,5.6,83.0,86.5,7.0,6.0,Bas,4.2,2.0,Stable,8.11,12.16,1,1,0,0,2
96,17.0,F,L1,8.1,11.8,53.3,34.3,4.0,9.0,Moyen,6.3,3.0,Limité,10.98,12.91,1,1,0,1,0
97,17.0,M,L3,11.1,12.3,96.7,89.0,4.0,9.0,Moyen,7.4,4.0,Stable,14.5,20.0,1,3,1,1,2
98,17.0,M,L1,1.4,1.2,77.8,89.0,2.0,10.0,Élevé,6.1,3.0,Stable,9.35,12.4,1,1,1,2,2
99,23.0,M,M1,9.0,7.4,93.8,86.8,4.0,10.0,Moyen,4.7,2.0,Stable,13.13,11.56,1,4,1,1,2
100,17.0,F,L3,11.6,14.0,55.1,25.9,8.0,9.0,Bas,8.4,6.0,Stable,13.49,13.09,1,3,0,0,2
101,20.0,M,L1,7.5,13.9,64.2,79.9,10.0,7.0,Moyen,7.8,2.0,Stable,13.1,16.43,1,1,1,1,2
102,28.0,F,M1,9.7,6.2,78.4,38.7,5.0,10.0,Moyen,4.6,3.0,Stable,10.49,3.38,0,4,0,1,2
103,20.0,M,L1,5.9,12.8,79.6,81.8,4.0,8.0,Moyen,4.2,6.0,Instable,14.09,6.57,0,1,1,1,1
104,25.0,F,L2,7.6,17.1,85.6,52.9,4.0,9.0,Moyen,4.8,1.0,Stable,18.53,13.64,1,2,0,1,2
105,17.0,M,L2,3.1,15.9,58.6,73.9,3.0,8.0,Élevé,7.5,4.0,Stable,13.78,12.55,1,2,1,2,2
106,20.0,F,L2,1.0,11.5,93.9,88.8,7.0,10.0,Bas,7.0,2.0,Instable,14.25,13.27,1,2,0,0,1
107,17.0,M,L3,10.8,9.7,67.7,46.6,5.0,7.0,Moyen,7.9,3.0,Stable,11.8,4.94,0,3,1,1,2
108,20.0,F,L3,5.0,8.9,65.6,71.6,5.0,7.0,Moyen,5.9,2.0,Instable,11.04,10.08,1,3,0,1,1
109,26.0,F,M2,6.6,14.3,98.8,76.3,7.0,7.0,Moyen,4.8,2.0,Limité,15.12,14.62,1,5,0,1,0
110,17.0,F,M2,3.8,13.0,65.8,76.5,5.0,9.0,Élevé,8.2,1.0,Stable,15.73,20.0,1,5,0,2,2
111,24.0,F,L2,3.8,15.1,77.8,54.0,3.0,6.0,Moyen,5.5,1.0,Instable,12.79,20.0,1,2,0,1,1
112,23.0,M,L1,7.5,12.7,52.2,37.8,6.0,7.0,Moyen,6.8,3.0,Limité,12.58,12.75,1,1,1,1,0
113,19.0,M,L3,5.8,16.1,80.3,61.4,2.0,9.0,Bas,3.7,1.0,Stable,14.09,11.25,1,3,1,0,2
114,17.0,M,M2,9.1,12.5,66.5,29.6,7.0,8.0,Moyen,5.5,3.0,Limité,9.57,10.76,1,5,1,1,0
115,22.0,M,L2,9.4,15.9,17.4,73.0,7.0,7.0,Bas,8.3,4.0,Stable,8.9,7.83,0,2,1,0,2
116,19.0,F,L2,9.0,16.4,45.3,86.9,5.0,8.0,Bas,5.2,5.0,Stable,10.31,7.55,0,2,0,0,2
117,23.0,F,L2,8.7,8.0,67.3,60.4,5.0,8.0,Moyen,8.0,2.0,Stable,11.55,7.34,0,2,0,1,2
118,22.0,F,L1,12.7,3.0,60.5,76.6,1.0,7.0,Moyen,2.3,5.0,Stable,7.51,0.41,0,1,0,1,2
119,30.0,F,L3,4.8,19.7,83.6,44.7,6.0,10.0,Élevé,5.5,3.0,Limité,14.15,13.9,1,3,0,2,0
120,20.0,F,L2,7.8,13.3,36.6,50.2,6.0,5.0,Moyen,6.2,4.0,Stable,11.81,12.26,1,2,0,1,2
121,17.0,F,L3,11.4,3.4,90.9,49.6,9.0,9.0,Élevé,9.6,3.0,Limité,12.61,13.74,1,3,0,2,0
122,22.0,M,M1,11.8,8.4,75.9,59.7,4.0,10.0,Moyen,4.4,3.0,Instable,13.38,18.5,1,4,1,1,1
123,23.0,M,M1,3.7,15.9,58.8,55.7,3.0,10.0,Moyen,7.7,4.0,Limité,12.79,14.96,1,4,1,1,0
124,28.0,F,L2,7.1,10.6,81.7,68.2,3.0,8.0,Élevé,8.4,6.0,Limité,12.13,12.18,1,2,0,2,0
125,26.0,F,L2,12.1,9.4,85.4,67.9,2.0,6.0,Moyen,5.2,3.0,Stable,13.25,10.29,1,2,0,1,2
126,23.0,M,L3,9.5,19.0,69.1,83.6,8.0,6.0,Élevé,5.8,3.0,Limité,13.44,9.46,0,3,1,2,0
127,29.0,M,M1,8.6,6.8,89.9,52.5,4.0,6.0,Moyen,6.8,5.0,Instable,11.7,6.75,0,4,1,1,1
128,17.0,F,L2,7.3,8.0,64.5,94.4,6.0,7.0,Bas,3.8,2.0,Stable,9.78,4.79,0,2,0,0,2
129,18.0,M,M1,6.8,13.1,63.6,41.0,6.0,8.0,Moyen,5.7,4.0,Instable,9.45,0.0,0,4,1,1,1
130,17.0,M,L1,8.9,14.0,93.3,88.7,2.0,8.0,Bas,8.8,4.0,Stable,14.84,11.42,1,1,1,0,2
131,20.0,F,M1,7.2,14.5,90.2,54.1,5.0,10.0,Bas,7.4,4.0,Stable,13.77,20.0,1,4,0,0,2
132,17.0,F,L1,7.9,16.6,94.6,63.8,5.0,6.0,Bas,6.2,2.0,Stable,15.33,17.42,1,1,0,0,2
133,25.0,M,L1,8.2,13.0,52.0,77.7,3.0,8.0,Bas,6.7,1.0,Stable,11.78,10.26,1,1,1,0,2
134,20.0,F,L2,6.0,14.4,83.8,92.9,5.0,8.0,Moyen,7.5,3.0,Stable,15.95,17.76,1,2,0,1,2
135,17.0,M,L1,9.6,10.7,82.6,44.5,6.0,8.0,Élevé,7.9,1.0,Stable,11.72,4.52,0,1,1,2,2
136,17.0,F,L1,16.7,12.3,62.3,48.6,7.0,6.0,Moyen,5.5,6.0,Instable,10.43,8.66,0,1,0,1,1
137,23.0,M,L1,2.7,12.5,65.6,72.8,5.0,9.0,Élevé,9.3,3.0,Instable,10.96,16.33,1,1,1,2,1
138,26.0,F,L2,9.0,13.1,53.0,61.6,4.0,7.0,Moyen,8.9,1.0,Limité,10.32,10.65,1,2,0,1,0
139,31.0,M,L3,5.7,15.9,73.5,58.0,6.0,7.0,Bas,7.7,4.0,Limité,12.72,5.29,0,3,1,0,0
140,36.0,M,L1,9.7,14.8,79.0,27.2,8.0,6.0,Bas,5.0,6.0,Limité,12.81,8.38,0,1,1,0,0
141,24.0,F,L3,8.1,12.2,74.8,90.0,1.0,10.0,Élevé,4.7,5.0,Instable,12.85,15.91,1,3,0,2,1
142,17.0,M,M1,10.3,8.0,75.0,80.0,4.0,9.0,Moyen,5.9,2.0,Stable,11.57,11.61,1,4,1,1,2
143,17.0,M,L1,11.5,12.3,58.0,90.1,5.0,8.0,Élevé,6.6,3.0,Limité,9.57,3.35,0,1,1,2,0
144,23.0,M,L1,8.6,11.9,65.1,91.2,8.0,6.0,Moyen,3.3,6.0,Stable,12.74,18.3,1,1,1,1,2
145,17.0,F,M1,11.4,13.0,69.9,61.7,5.0,5.0,Moyen,7.4,3.0,Stable,13.85,8.04,0,4,0,1,2
146,19.0,F,M1,1.0,23.0,67.5,78.4,4.0,7.0,Moyen,8.8,2.0,Stable,14.68,16.01,1,4,0,1,2
147,18.0,F,L2,12.8,9.4,75.1,64.3,3.0,9.0,Élevé,7.5,2.0,Stable,13.58,9.13,0,2,0,2,2
148,21.0,M,M1,9.1,14.1,87.7,74.2,5.0,9.0,Bas,5.3,2.0,Instable,14.67,10.6,1,4,1,0,1
149,27.0,M,L1,11.2,17.3,64.1,95.3,2.0,7.0,Élevé,5.1,3.0,Stable,13.01,10.91,1,1,1,2,2
150,22.0,M,L2,4.3,12.5,91.5,69.2,4.0,9.0,Moyen,7.0,0.0,Instable,14.93,18.72,1,2,1,1,1
151,21.0,F,L3,5.5,23.7,92.4,69.4,6.0,7.0,Élevé,6.2,3.0,Stable,17.82,20.0,1,3,0,2,2
152,17.0,F,L1,8.4,10.1,56.3,60.0,3.0,6.0,Moyen,7.3,4.0,Stable,10.99,7.33,0,1,0,1,2
153,17.0,F,L3,7.9,13.6,47.7,53.7,1.0,8.0,Moyen,7.6,3.0,Stable,11.17,6.29,0,3,0,1,2
154,19.0,F,L2,8.8,8.0,80.0,88.2,6.0,8.0,Moyen,8.5,4.0,Stable,10.94,12.01,1,2,0,1,2
155,21.0,M,L3,11.3,10.2,73.3,42.5,6.0,10.0,Élevé,4.5,3.0,Instable,8.4,8.91,0,3,1,2,1
156,30.0,F,L2,2.7,13.2,84.9,40.6,7.0,8.0,Bas,6.9,4.0,Stable,14.29,14.01,1,2,0,0,2
157,22.0,M,L2,10.9,16.2,80.9,89.5,1.0,7.0,Moyen,5.8,4.0,Stable,13.56,14.29,1,2,1,1,2
158,26.0,M,L1,8.0,13.6,85.8,39.6,3.0,8.0,Moyen,6.3,8.0,Stable,14.22,10.61,1,1,1,1,2
159,19.0,M,L1,7.4,18.3,73.0,54.7,5.0,9.0,Moyen,8.1,0.0,Instable,15.78,18.47,1,1,1,1,1
160,17.0,M,L3,3.6,11.5,81.4,69.0,5.0,9.0,Moyen,8.3,5.0,Limité,12.1,10.37,1,3,1,1,0
161,17.0,M,L1,9.5,10.3,56.1,43.3,12.0,9.0,Moyen,9.0,2.0,Instable,12.23,16.23,1,1,1,1,1
162,18.0,M,L1,1.0,25.5,70.5,85.7,8.0,7.0,Moyen,7.3,1.0,Stable,17.45,20.0,1,1,1,1,2
163,32.0,M,L1,9.9,14.0,71.9,75.8,7.0,7.0,Moyen,6.3,1.0,Limité,13.38,14.51,1,1,1,1,0
164,17.0,F,L1,3.5,8.4,77.4,54.0,3.0,8.0,Moyen,6.0,4.0,Stable,10.92,8.51,0,1,0,1,2
165,26.0,M,M1,8.2,8.5,43.3,85.2,3.0,8.0,Moyen,3.4,2.0,Stable,11.0,9.09,0,4,1,1,2
166,17.0,M,L2,7.6,7.3,52.3,77.6,6.0,9.0,Élevé,8.9,6.0,Stable,7.66,2.66,0,2,1,2,2
167,26.0,F,M2,11.5,16.7,70.5,81.5,4.0,8.0,Moyen,5.9,2.0,Stable,13.29,16.9,1,5,0,1,2
168,23.0,F,L1,7.5,10.2,68.9,74.9,5.0,9.0,Bas,7.4,1.0,Stable,9.82,12.0,1,1,0,0,2
169,21.0,F,L3,5.9,12.6,66.4,21.8,6.0,5.0,Moyen,7.7,3.0,Stable,13.13,10.03,1,3,0,1,2
170,21.0,M,L2,6.5,11.7,70.2,43.5,6.0,9.0,Bas,4.3,3.0,Stable,10.82,12.52,1,2,1,0,2
171,18.0,F,L2,11.8,15.7,57.2,58.4,8.0,8.0,Bas,4.8,6.0,Stable,10.95,8.54,0,2,0,0,2
172,24.0,M,M1,9.6,7.8,74.6,72.3,6.0,10.0,Moyen,9.3,2.0,Stable,10.55,7.1,0,4,1,1,2
173,19.0,M,M2,6.8,6.6,86.1,42.9,7.0,6.0,Moyen,7.0,0.0,Stable,11.99,12.95,1,5,1,1,2
174,17.0,F,M1,7.3,13.1,78.6,90.7,5.0,9.0,Moyen,5.5,2.0,Limité,11.25,12.29,1,4,0,1,0
175,17.0,F,L1,3.3,15.0,48.6,68.2,4.0,5.0,Élevé,6.3,3.0,Instable,7.95,10.69,1,1,0,2,1
176,22.0,F,L1,9.2,13.7,93.5,32.6,4.0,10.0,Bas,8.5,0.0,Stable,15.81,20.0,1,1,0,0,2
177,29.0,F,L3,2.7,8.0,93.0,97.1,6.0,6.0,Bas,8.2,6.0,Stable,8.99,6.78,0,3,0,0,2
178,22.0,F,L1,10.3,15.4,87.8,61.4,6.0,7.0,Bas,3.9,3.0,Stable,15.64,12.64,1,1,0,0,2
179,21.0,M,L3,8.4,8.3,84.7,69.2,5.0,8.0,Bas,9.4,2.0,Stable,14.66,14.82,1,3,1,0,2
180,23.0,M,L2,15.2,9.4,83.9,85.0,4.0,9.0,Moyen,8.2,1.0,Stable,12.43,15.04,1,2,1,1,2
181,28.0,M,L2,4.7,7.3,51.0,65.3,3.0,8.0,Moyen,6.2,2.0,Stable,10.9,10.66,1,2,1,1,2
182,23.0,M,M1,7.7,18.5,85.6,91.1,6.0,6.0,Moyen,4.4,2.0,Instable,15.43,16.93,1,4,1,1,1
183,19.0,F,L3,13.4,15.2,83.6,74.4,4.0,6.0,Bas,8.4,3.0,Instable,16.8,16.97,1,3,0,0,1
184,27.0,M,L1,11.6,15.0,87.3,57.0,9.0,9.0,Moyen,7.4,8.0,Instable,13.09,15.26,1,1,1,1,1
185,24.0,F,L1,5.9,18.2,60.4,81.5,5.0,8.0,Bas,3.9,10.0,Instable,8.54,1.88,0,1,0,0,1
186,29.0,F,L3,8.7,26.1,80.1,81.9,5.0,9.0,Moyen,6.1,5.0,Instable,17.28,20.0,1,3,0,1,1
187,22.0,F,L2,8.0,3.5,62.8,39.7,1.0,9.0,Moyen,10.0,3.0,Instable,11.36,12.73,1,2,0,1,1
188,17.0,M,L1,8.8,8.3,90.2,96.2,5.0,7.0,Bas,6.5,6.0,Limité,12.67,5.68,0,1,1,0,0
189,17.0,M,L2,5.9,8.9,32.8,66.8,4.0,8.0,Élevé,5.2,2.0,Instable,7.19,5.6,0,2,1,2,1
190,30.0,F,L3,7.7,7.7,73.3,70.9,6.0,9.0,Moyen,4.7,2.0,Instable,11.22,12.56,1,3,0,1,1
191,30.0,F,M1,3.2,6.6,91.8,19.0,8.0,6.0,Moyen,9.7,4.0,Instable,13.48,10.36,1,4,0,1,1
192,21.0,F,L2,8.4,10.5,60.2,60.1,6.0,7.0,Moyen,8.0,5.0,Stable,10.41,2.48,0,2,0,1,2
193,20.0,F,L2,9.4,5.9,92.2,78.4,4.0,7.0,Moyen,9.0,2.0,Stable,15.98,11.39,1,2,0,1,2
194,29.0,F,L1,7.3,13.7,75.9,74.7,4.0,10.0,Bas,6.9,2.0,Stable,12.48,15.19,1,1,0,0,2
195,17.0,M,L2,3.2,12.3,76.7,60.4,5.0,6.0,Bas,8.8,2.0,Stable,14.52,7.53,0,2,1,0,2
196,17.0,F,L2,11.0,14.4,87.9,41.1,7.0,7.0,Moyen,5.0,3.0,Stable,15.26,8.43,0,2,0,1,2
197,25.0,M,L2,9.1,14.5,36.2,69.4,5.0,8.0,Élevé,6.8,2.0,Stable,9.3,11.03,1,2,1,2,2
198,20.0,F,L3,5.8,15.0,77.5,38.0,6.0,10.0,Moyen,7.0,1.0,Stable,13.36,13.37,1,3,0,1,2
199,21.0,F,L1,7.2,10.1,70.9,87.2,5.0,6.0,Moyen,9.0,4.0,Stable,13.03,9.27,0,1,0,1,2
200,21.0,M,L1,3.5,22.6,86.8,34.3,4.0,7.0,Moyen,7.1,2.0,Limité,17.48,16.99,1,1,1,1,0
201,23.0,M,L1,4.9,13.2,54.4,85.0,6.0,6.0,Moyen,5.4,1.0,Stable,11.87,5.26,0,1,1,1,2
202,29.0,M,M1,6.4,2.7,62.1,58.1,6.0,7.0,Bas,6.6,4.0,Stable,5.52,4.18,0,4,1,0,2
203,22.0,F,L3,11.7,7.0,67.5,88.6,4.0,6.0,Moyen,3.5,2.0,Stable,10.88,5.1,0,3,0,1,2
204,25.0,M,L1,6.1,3.3,57.5,49.9,3.0,7.0,Élevé,2.3,1.0,Stable,8.27,2.25,0,1,1,2,2
205,17.0,M,M1,9.9,12.1,69.6,40.3,2.0,6.0,Élevé,8.0,4.0,Instable,11.91,12.08,1,4,1,2,1
206,21.0,M,L2,6.4,11.4,70.8,68.5,7.0,9.0,Élevé,5.8,2.0,Instable,12.48,10.68,1,2,1,2,1
207,17.0,M,L2,8.7,9.7,76.6,81.4,3.0,9.0,Bas,6.0,3.0,Stable,11.06,7.21,0,2,1,0,2
208,17.0,M,M1,7.6,22.1,68.1,85.3,6.0,7.0,Moyen,8.0,2.0,Stable,14.8,8.96,0,4,1,1,2
209,17.0,M,L1,10.6,14.7,58.7,56.9,4.0,8.0,Moyen,9.0,2.0,Stable,12.08,14.39,1,1,1,1,2
210,20.0,M,L1,6.4,15.6,62.0,49.0,8.0,7.0,Bas,7.5,2.0,Instable,12.17,12.65,1,1,1,0,1
211,26.0,M,L2,3.3,7.3,53.9,46.7,8.0,7.0,Bas,10.0,2.0,Limité,12.84,9.65,0,2,1,0,0
212,17.0,M,L1,3.9,7.0,58.2,55.9,5.0,7.0,Moyen,7.4,2.0,Limité,10.91,4.97,0,1,1,1,0
213,22.0,M,L3,6.4,12.2,75.2,28.2,5.0,6.0,Moyen,7.0,5.0,Stable,10.78,8.75,0,3,1,1,2
214,19.0,M,L1,4.3,12.9,71.8,60.1,0.0,8.0,Moyen,6.9,3.0,Instable,15.55,16.4,1,1,1,1,1
215,20.0,F,L1,9.2,2.7,74.4,78.8,4.0,6.0,Bas,4.2,5.0,Instable,7.92,3.9,0,1,0,0,1
216,27.0,M,L1,6.6,11.1,94.7,68.1,4.0,9.0,Moyen,8.2,3.0,Limité,13.88,20.0,1,1,1,1,0
217,24.0,M,L2,15.1,12.1,69.3,68.0,6.0,7.0,Bas,2.1,3.0,Stable,12.89,13.13,1,2,1,0,2
218,28.0,M,L1,2.8,10.9,68.7,69.1,7.0,6.0,Bas,5.4,3.0,Stable,8.45,6.32,0,1,1,0,2
219,21.0,M,L1,8.6,7.9,56.5,71.4,4.0,8.0,Moyen,6.5,1.0,Stable,9.43,11.49,1,1,1,1,2
220,18.0,M,M1,4.6,9.3,98.6,43.2,5.0,8.0,Moyen,5.1,5.0,Stable,12.04,9.65,0,4,1,1,2
221,20.0,M,L2,6.5,11.1,92.3,65.4,4.0,8.0,Élevé,5.7,3.0,Instable,13.7,12.88,1,2,1,2,1
222,23.0,F,L2,8.4,12.5,69.9,77.8,3.0,7.0,Moyen,9.8,2.0,Stable,13.2,19.29,1,2,0,1,2
223,22.0,M,L1,1.0,15.0,77.3,64.9,14.0,8.0,Bas,8.5,3.0,Stable,13.72,10.42,1,1,1,0,2
224,17.0,M,L2,8.7,17.4,79.8,34.7,5.0,9.0,Bas,5.3,2.0,Instable,14.52,14.78,1,2,1,0,1
225,22.0,M,L1,13.7,10.5,56.5,61.7,3.0,6.0,Moyen,5.7,4.0,Stable,11.76,14.01,1,1,1,1,2
226,23.0,M,L3,6.6,9.7,89.7,81.3,4.0,9.0,Bas,4.2,6.0,Limité,12.54,10.68,1,3,1,0,0
227,34.0,M,L1,8.8,14.2,48.7,81.5,10.0,7.0,Bas,7.8,2.0,Instable,11.41,10.0,1,1,1,0,1
228,31.0,F,M1,11.1,15.1,73.4,86.2,5.0,7.0,Moyen,6.1,3.0,Limité,13.54,6.47,0,4,0,1,0
229,17.0,F,M1,7.5,9.8,76.6,55.1,5.0,10.0,Bas,3.0,3.0,Instable,14.16,2.37,0,4,0,0,1
230,20.0,M,L1,6.3,16.0,55.4,70.3,7.0,9.0,Moyen,6.7,3.0,Stable,12.51,20.0,1,1,1,1,2
231,17.0,M,L1,1.2,16.9,57.1,61.7,5.0,5.0,Moyen,7.3,4.0,Stable,11.84,12.01,1,1,1,1,2
232,19.0,M,L1,9.9,18.5,89.7,64.9,9.0,7.0,Bas,8.2,2.0,Limité,13.31,13.07,1,1,1,0,0
233,23.0,M,L3,7.7,20.9,83.8,94.8,10.0,10.0,Moyen,6.4,0.0,Stable,14.51,19.08,1,3,1,1,2
234,28.0,F,L1,5.0,7.7,94.1,86.7,5.0,6.0,Moyen,5.8,3.0,Stable,11.65,6.32,0,1,0,1,2
235,18.0,M,M1,8.4,12.1,42.3,92.3,4.0,8.0,Moyen,10.0,4.0,Instable,9.86,8.2,0,4,1,1,1
236,18.0,M,L3,6.2,12.1,59.4,40.4,3.0,9.0,Bas,6.5,3.0,Stable,10.35,5.33,0,3,1,0,2
237,17.0,F,M1,6.4,11.5,74.8,39.9,5.0,7.0,Moyen,7.8,5.0,Stable,12.57,5.05,0,4,0,1,2
238,21.0,M,L2,9.8,8.8,76.9,78.6,5.0,8.0,Bas,5.5,3.0,Stable,10.48,0.59,0,2,1,0,2
239,17.0,M,M2,4.0,4.6,88.8,80.0,2.0,9.0,Moyen,7.7,7.0,Stable,9.06,0.0,0,5,1,1,2
240,19.0,F,L1,11.1,12.5,71.6,84.9,4.0,6.0,Bas,3.9,3.0,Instable,12.96,15.22,1,1,0,0,1
241,17.0,M,L2,3.8,8.2,41.5,94.0,5.0,8.0,Élevé,5.7,1.0,Stable,10.66,5.03,0,2,1,2,2
242,21.0,M,L2,6.0,12.4,57.6,72.9,3.0,8.0,Bas,4.3,3.0,Stable,9.27,9.59,0,2,1,0,2
243,17.0,M,M1,13.8,8.0,78.2,55.6,7.0,8.0,Élevé,5.4,4.0,Stable,11.36,12.88,1,4,1,2,2
244,17.0,F,L2,11.4,6.5,26.3,56.7,8.0,7.0,Élevé,8.8,4.0,Instable,3.8,1.59,0,2,0,2,1
245,32.0,M,M1,8.3,13.2,81.2,95.0,10.0,7.0,Moyen,5.4,3.0,Stable,10.99,9.32,0,4,1,1,2
246,17.0,M,L1,5.2,12.8,69.9,82.6,4.0,6.0,Moyen,7.8,1.0,Stable,11.82,12.96,1,1,1,1,2
247,17.0,M,M2,6.4,14.9,49.8,90.1,4.0,9.0,Moyen,9.2,5.0,Instable,13.07,10.79,1,5,1,1,1
248,31.0,M,L2,8.2,22.9,66.0,30.4,4.0,6.0,Élevé,6.5,5.0,Stable,14.03,18.41,1,2,1,2,2
249,36.0,F,L2,8.1,13.4,36.9,88.4,8.0,7.0,Moyen,8.3,5.0,Instable,8.5,14.58,1,2,0,1,1
250,17.0,M,M2,7.7,14.4,94.1,41.6,4.0,8.0,Moyen,7.5,1.0,Stable,15.22,20.0,1,5,1,1,2
251,20.0,F,L2,7.9,6.6,87.3,77.1,8.0,10.0,Bas,6.7,1.0,Stable,11.87,3.11,0,2,0,0,2
252,23.0,F,L2,7.4,5.6,69.8,69.5,6.0,6.0,Élevé,7.9,2.0,Stable,8.86,5.92,0,2,0,2,2
253,30.0,F,L2,3.7,19.9,78.3,41.8,3.0,9.0,Bas,9.8,1.0,Limité,19.04,20.0,1,2,0,0,0
254,17.0,M,L1,6.5,7.4,65.4,75.2,8.0,7.0,Bas,5.4,1.0,Stable,9.81,10.28,1,1,1,0,2
255,20.0,F,L2,10.7,6.8,71.9,49.5,6.0,7.0,Bas,4.8,1.0,Stable,10.63,1.99,0,2,0,0,2
256,25.0,F,L1,3.9,11.8,75.3,60.5,2.0,10.0,Moyen,4.7,7.0,Stable,10.97,0.6,0,1,0,1,2
257,24.0,M,L1,7.4,11.5,76.6,53.1,5.0,4.0,Élevé,8.3,2.0,Stable,13.34,18.19,1,1,1,2,2
258,20.0,F,M1,5.5,7.5,63.4,48.6,6.0,6.0,Moyen,8.5,2.0,Instable,12.1,8.53,0,4,0,1,1
259,21.0,F,L2,8.3,10.5,85.6,81.9,8.0,8.0,Bas,5.5,3.0,Limité,15.12,7.85,0,2,0,0,0
260,17.0,M,L2,6.8,18.1,70.3,77.8,5.0,7.0,Moyen,2.7,5.0,Stable,12.34,5.75,0,2,1,1,2
261,20.0,F,L2,12.4,8.0,84.0,64.1,6.0,8.0,Moyen,5.3,2.0,Stable,13.4,13.62,1,2,0,1,2
262,20.0,M,L2,9.5,5.0,84.5,54.6,5.0,7.0,Moyen,7.5,1.0,Stable,11.93,7.85,0,2,1,1,2
263,23.0,F,L3,4.1,16.7,93.8,56.4,3.0,9.0,Bas,6.4,5.0,Limité,16.7,16.85,1,3,0,0,0
264,19.0,F,M1,10.0,14.5,69.1,86.1,3.0,8.0,Moyen,6.8,3.0,Stable,12.7,8.72,0,4,0,1,2
265,24.0,M,M1,5.7,8.9,64.3,59.1,8.0,8.0,Moyen,5.6,4.0,Stable,9.94,0.38,0,4,1,1,2
266,27.0,F,L2,6.3,4.1,78.1,78.3,7.0,8.0,Élevé,8.3,6.0,Limité,11.02,13.68,1,2,0,2,0
267,22.0,M,L2,8.9,8.3,76.3,62.3,5.0,8.0,Moyen,7.1,1.0,Limité,13.0,14.19,1,2,1,1,0
268,23.0,F,L2,6.5,11.7,91.3,46.8,7.0,9.0,Bas,7.6,2.0,Stable,16.21,14.91,1,2,0,0,2
269,22.0,F,L2,10.7,17.8,48.9,60.4,3.0,5.0,Moyen,6.8,1.0,Stable,12.97,11.32,1,2,0,1,2
270,22.0,M,L2,5.7,6.8,83.2,41.5,6.0,10.0,Bas,7.4,1.0,Instable,11.47,16.98,1,2,1,0,1
271,18.0,M,L3,6.1,11.6,68.5,61.0,4.0,10.0,Élevé,7.3,3.0,Instable,8.13,10.26,1,3,1,2,1
272,23.0,M,L2,6.0,15.4,37.0,76.9,6.0,8.0,Moyen,4.8,3.0,Stable,7.96,11.14,1,2,1,1,2
273,21.0,M,L2,6.3,0.1,72.8,80.2,6.0,7.0,Bas,7.2,2.0,Stable,7.69,3.07,0,2,1,0,2
274,32.0,M,L2,11.3,17.2,74.6,77.0,6.0,9.0,Moyen,7.9,2.0,Stable,12.83,14.73,1,2,1,1,2
275,29.0,M,L2,9.9,6.1,70.4,36.9,2.0,7.0,Bas,8.6,1.0,Stable,11.7,12.64,1,2,1,0,2
276,23.0,M,L1,13.1,13.7,28.1,53.0,7.0,7.0,Bas,7.2,6.0,Stable,6.9,2.14,0,1,1,0,2
277,18.0,M,L1,14.8,13.2,43.4,28.3,3.0,9.0,Moyen,4.8,4.0,Instable,9.22,6.5,0,1,1,1,1
278,17.0,F,L3,4.9,17.4,82.9,85.0,5.0,4.0,Moyen,5.0,6.0,Stable,13.63,9.27,0,3,0,1,2
279,27.0,F,L2,8.2,14.8,78.0,50.0,6.0,8.0,Élevé,5.7,4.0,Stable,15.2,15.44,1,2,0,2,2
280,23.0,F,L1,4.5,0.1,92.3,72.3,1.0,7.0,Moyen,6.8,1.0,Instable,9.04,2.1,0,1,0,1,1
281,24.0,M,L2,5.7,8.1,65.8,65.4,7.0,9.0,Bas,6.3,3.0,Stable,10.96,11.39,1,2,1,0,2
282,17.0,F,L3,6.1,12.7,60.3,71.2,5.0,7.0,Moyen,4.5,4.0,Stable,11.41,10.21,1,3,0,1,2
283,26.0,F,L1,4.8,11.0,84.2,61.6,5.0,6.0,Moyen,4.5,3.0,Limité,13.94,11.01,1,1,0,1,0
284,24.0,M,M1,4.8,14.4,66.9,75.2,6.0,9.0,Bas,2.7,5.0,Stable,13.19,11.95,1,4,1,0,2
285,17.0,M,M1,7.6,15.9,88.1,71.4,5.0,9.0,Élevé,1.0,3.0,Limité,14.21,10.97,1,4,1,2,0
286,19.0,F,L2,4.3,15.0,80.8,56.6,5.0,8.0,Élevé,6.3,2.0,Stable,11.5,9.11,0,2,0,2,2
287,23.0,M,L3,10.5,10.9,55.5,46.6,5.0,10.0,Bas,10.0,2.0,Stable,10.61,13.37,1,3,1,0,2
288,22.0,M,L1,5.2,2.8,52.9,67.0,10.0,4.0,Moyen,9.7,4.0,Instable,7.55,7.08,0,1,1,1,1
289,20.0,F,M1,16.4,9.7,83.7,80.4,7.0,7.0,Moyen,4.7,1.0,Stable,12.84,10.35,1,4,0,1,2
290,21.0,M,L2,6.6,14.1,37.1,55.7,5.0,7.0,Bas,6.8,1.0,Stable,9.33,6.62,0,2,1,0,2
291,20.0,M,M1,8.2,6.5,32.3,68.5,7.0,5.0,Moyen,3.9,4.0,Stable,8.36,2.86,0,4,1,1,2
292,22.0,F,L2,4.1,15.2,89.6,38.1,2.0,6.0,Bas,4.1,3.0,Stable,14.47,10.75,1,2,0,0,2
293,29.0,F,L1,13.1,16.5,69.0,67.8,5.0,6.0,Bas,4.3,2.0,Stable,12.04,17.78,1,1,0,0,2
294,17.0,M,L1,11.4,12.6,65.4,51.8,6.0,8.0,Élevé,6.1,4.0,Instable,10.96,10.74,1,1,1,2,1
295,20.0,F,L3,8.9,0.0,49.5,94.4,3.0,8.0,Moyen,6.2,5.0,Stable,8.72,4.13,0,3,0,1,2
296,22.0,F,L2,4.0,5.6,67.6,38.3,4.0,8.0,Bas,7.0,5.0,Stable,10.31,3.11,0,2,0,0,2
297,23.0,F,L1,8.6,21.4,94.0,83.6,6.0,8.0,Moyen,7.7,2.0,Stable,19.05,20.0,1,1,0,1,2
298,20.0,F,L3,4.6,9.3,59.1,38.7,9.0,8.0,Élevé,5.9,2.0,Stable,8.71,4.6,0,3,0,2,2
299,17.0,M,M1,12.4,2.1,96.6,76.7,3.0,9.0,Moyen,6.6,0.0,Stable,10.09,7.31,0,4,1,1,2
300,23.0,M,L2,10.4,18.2,80.0,73.8,4.0,8.0,Élevé,4.5,1.0,Stable,14.05,18.05,1,2,1,2,2
301,30.0,F,L2,8.3,12.1,65.9,71.0,2.0,8.0,Élevé,4.1,3.0,Instable,11.74,11.4,1,2,0,2,1
302,17.0,M,L1,1.0,17.5,64.9,74.4,8.0,8.0,Moyen,3.8,4.0,Stable,12.84,1.1,0,1,1,1,2
303,26.0,F,L3,5.0,13.4,58.0,40.2,8.0,9.0,Moyen,7.7,2.0,Stable,11.07,10.28,1,3,0,1,2
304,20.0,F,L2,10.1,14.3,90.4,69.1,2.0,8.0,Moyen,5.9,5.0,Instable,13.53,12.95,1,2,0,1,1
305,21.0,M,M1,11.6,13.8,68.4,31.4,7.0,8.0,Moyen,3.1,1.0,Stable,11.27,8.85,0,4,1,1,2
306,17.0,F,L2,11.3,15.5,76.6,48.4,7.0,7.0,Moyen,6.4,2.0,Stable,13.62,14.44,1,2,0,1,2
307,20.0,M,L2,3.2,23.4,69.6,54.3,5.0,7.0,Bas,4.3,7.0,Instable,16.81,7.36,0,2,1,0,1
308,28.0,F,L1,8.9,16.9,82.0,80.7,6.0,9.0,Bas,9.5,4.0,Instable,12.56,2.7,0,1,0,0,1
309,24.0,M,L1,11.0,4.1,77.9,55.2,4.0,10.0,Moyen,5.5,5.0,Stable,9.99,2.72,0,1,1,1,2
310,30.0,F,L3,3.0,14.2,56.9,38.2,3.0,8.0,Moyen,7.7,2.0,Stable,14.06,14.66,1,3,0,1,2
311,27.0,F,L2,8.0,17.7,65.9,56.7,1.0,9.0,Moyen,8.5,2.0,Stable,13.74,2.2,0,2,0,1,2
312,24.0,M,L2,8.8,18.0,62.4,92.1,11.0,8.0,Moyen,4.8,1.0,Stable,12.83,10.16,1,2,1,1,2
313,30.0,F,M2,7.1,9.9,75.5,51.8,5.0,5.0,Bas,6.6,6.0,Stable,12.65,1.68,0,5,0,0,2
314,24.0,F,M2,2.4,17.8,83.8,70.1,6.0,9.0,Bas,7.5,3.0,Instable,13.76,13.72,1,5,0,0,1
315,26.0,F,M1,7.0,16.6,45.2,93.2,8.0,8.0,Moyen,6.7,0.0,Instable,12.06,20.0,1,4,0,1,1
316,20.0,F,L1,7.0,24.9,81.1,97.8,4.0,7.0,Moyen,7.1,5.0,Limité,15.6,16.02,1,1,0,1,0
317,22.0,F,L2,7.6,8.2,83.3,84.6,1.0,8.0,Moyen,4.1,3.0,Stable,8.69,6.44,0,2,0,1,2
318,18.0,M,M1,6.3,9.5,63.5,94.6,5.0,10.0,Bas,7.5,5.0,Stable,10.18,11.91,1,4,1,0,2
319,26.0,M,L2,6.7,10.5,54.6,67.8,4.0,9.0,Moyen,5.6,3.0,Stable,8.26,6.73,0,2,1,1,2
320,17.0,M,L1,7.9,9.5,71.2,95.0,6.0,5.0,Élevé,7.1,3.0,Stable,11.26,9.21,0,1,1,2,2
321,25.0,F,M1,9.3,7.5,82.8,52.3,6.0,9.0,Bas,8.2,1.0,Stable,13.59,17.33,1,4,0,0,2
322,21.0,F,L2,7.1,0.0,77.2,89.0,4.0,7.0,Bas,7.7,3.0,Limité,11.28,10.45,1,2,0,0,0
323,27.0,M,L2,6.8,9.8,68.7,51.7,4.0,6.0,Moyen,7.1,2.0,Stable,11.48,11.55,1,2,1,1,2
324,25.0,M,M2,8.3,13.8,62.5,91.2,6.0,8.0,Moyen,7.7,1.0,Stable,13.98,14.22,1,5,1,1,2
325,31.0,F,L3,2.2,9.5,90.9,73.2,6.0,7.0,Élevé,7.7,0.0,Stable,13.97,13.25,1,3,0,2,2
326,25.0,M,L2,9.4,21.7,67.2,48.0,4.0,9.0,Élevé,9.2,7.0,Limité,14.27,17.92,1,2,1,2,0
327,17.0,F,L2,8.0,12.1,69.5,32.0,2.0,8.0,Moyen,6.4,2.0,Stable,9.25,7.39,0,2,0,1,2
328,21.0,M,L2,8.1,18.5,89.6,49.4,3.0,8.0,Bas,6.8,3.0,Instable,18.31,20.0,1,2,1,0,1
329,17.0,F,L1,10.9,13.3,60.0,85.0,5.0,4.0,Moyen,8.2,1.0,Instable,10.55,7.08,0,1,0,1,1
330,19.0,M,L3,2.1,16.1,63.1,59.2,5.0,9.0,Élevé,5.6,5.0,Stable,14.57,18.28,1,3,1,2,2
331,29.0,M,M1,2.1,13.4,60.7,40.5,7.0,9.0,Moyen,4.1,2.0,Instable,12.46,12.58,1,4,1,1,1
332,25.0,F,L1,8.8,18.8,34.3,80.8,6.0,5.0,Élevé,7.4,2.0,Stable,10.3,6.78,0,1,0,2,2
333,18.0,F,L2,8.0,12.3,81.1,92.1,7.0,9.0,Moyen,6.1,2.0,Stable,13.57,15.65,1,2,0,1,2
334,17.0,M,M1,8.5,14.5,77.9,50.8,5.0,6.0,Bas,4.3,4.0,Stable,16.34,11.42,1,4,1,0,2
335,22.0,M,L1,6.6,13.8,49.6,81.4,2.0,7.0,Moyen,7.4,2.0,Stable,13.54,13.22,1,1,1,1,2
336,17.0,F,L2,10.0,10.6,81.7,32.9,3.0,7.0,Moyen,9.1,4.0,Instable,11.79,9.16,0,2,0,1,1
337,18.0,F,L2,10.8,14.0,56.8,62.9,3.0,7.0,Bas,3.6,2.0,Instable,10.44,8.49,0,2,0,0,1
338,23.0,M,L3,9.5,23.2,88.1,64.7,2.0,7.0,Moyen,8.3,3.0,Stable,17.7,20.0,1,3,1,1,2
339,27.0,M,L1,7.2,10.6,50.1,61.5,4.0,9.0,Moyen,1.9,1.0,Stable,9.51,9.21,0,1,1,1,2
340,25.0,F,L3,1.7,14.1,82.4,25.4,2.0,3.0,Bas,5.8,2.0,Stable,15.61,9.62,0,3,0,0,2
341,17.0,F,L2,10.3,18.3,52.2,83.1,3.0,5.0,Moyen,9.8,3.0,Stable,14.22,10.88,1,2,0,1,2
342,23.0,F,L3,11.7,17.7,75.8,73.7,2.0,6.0,Moyen,5.9,5.0,Instable,11.56,11.94,1,3,0,1,1
343,22.0,F,L1,9.9,12.1,72.7,78.0,1.0,7.0,Moyen,6.7,1.0,Stable,13.26,14.85,1,1,0,1,2
344,24.0,M,L2,5.4,0.1,56.4,61.7,2.0,8.0,Moyen,7.9,4.0,Instable,6.47,0.29,0,2,1,1,1
345,30.0,F,L2,10.0,14.6,68.5,68.9,8.0,7.0,Élevé,3.4,1.0,Stable,12.84,18.48,1,2,0,2,2
346,17.0,F,L1,10.6,0.9,81.8,59.3,5.0,10.0,Élevé,6.6,5.0,Instable,9.14,8.99,0,1,0,2,1
347,19.0,F,L1,12.7,19.3,72.8,86.3,5.0,8.0,Moyen,6.6,1.0,Stable,16.89,16.1,1,1,0,1,2
348,24.0,M,L1,5.4,12.8,80.9,59.8,8.0,7.0,Bas,9.9,2.0,Stable,15.11,13.07,1,1,1,0,2
349,17.0,M,L2,7.3,17.0,66.8,90.8,5.0,7.0,Moyen,4.3,4.0,Instable,12.0,9.89,0,2,1,1,1
350,29.0,F,L1,10.2,7.5,72.2,74.0,3.0,8.0,Bas,5.8,4.0,Stable,10.29,6.68,0,1,0,0,2
351,23.0,M,M1,8.2,4.2,68.7,57.4,4.0,8.0,Élevé,4.8,4.0,Stable,8.17,9.64,0,4,1,2,2
352,26.0,F,L2,4.6,13.3,80.1,67.8,5.0,7.0,Moyen,4.6,4.0,Limité,10.4,12.67,1,2,0,1,0
353,19.0,M,M1,9.2,11.8,88.4,61.0,8.0,8.0,Moyen,8.5,4.0,Stable,13.29,13.19,1,4,1,1,2
354,26.0,F,M2,9.7,9.5,56.4,65.1,5.0,5.0,Moyen,6.5,1.0,Stable,13.1,14.52,1,5,0,1,2
355,27.0,F,L1,8.3,12.4,81.8,55.2,10.0,7.0,Moyen,5.5,6.0,Stable,9.97,10.87,1,1,0,1,2
356,23.0,M,L3,8.7,25.8,95.0,58.7,3.0,10.0,Élevé,5.6,7.0,Stable,18.1,18.42,1,3,1,2,2
357,23.0,M,M1,7.2,16.2,22.9,76.4,3.0,10.0,Bas,5.5,1.0,Instable,9.82,11.15,1,4,1,0,1
358,23.0,F,L3,12.4,17.2,63.2,68.1,6.0,7.0,Élevé,5.6,6.0,Instable,13.17,13.67,1,3,0,2,1
359,17.0,F,L2,5.3,16.2,60.4,72.0,11.0,8.0,Bas,4.2,2.0,Stable,11.18,12.46,1,2,0,0,2
360,21.0,M,L2,6.2,19.4,60.0,82.2,6.0,6.0,Moyen,6.0,5.0,Stable,11.3,7.31,0,2,1,1,2
361,21.0,F,L1,8.0,11.0,94.2,52.3,4.0,9.0,Élevé,5.9,6.0,Stable,11.01,6.23,0,1,0,2,2
362,23.0,F,L2,10.6,1.7,53.1,66.6,5.0,10.0,Moyen,5.1,4.0,Stable,8.75,3.52,0,2,0,1,2
363,26.0,M,M2,3.5,11.1,79.3,62.0,8.0,8.0,Bas,6.8,1.0,Instable,11.28,8.59,0,5,1,0,1
364,17.0,M,M2,4.1,16.1,56.7,28.2,3.0,7.0,Élevé,6.9,1.0,Stable,11.96,6.16,0,5,1,2,2
365,21.0,M,L1,1.9,7.2,67.6,53.2,5.0,5.0,Élevé,5.5,5.0,Instable,12.88,11.32,1,1,1,2,1
366,29.0,M,L3,8.1,11.1,66.4,66.8,4.0,6.0,Moyen,6.2,3.0,Stable,10.27,10.25,1,3,1,1,2
367,18.0,M,L2,4.6,8.5,83.6,90.3,4.0,8.0,Moyen,10.0,2.0,Instable,12.88,8.16,0,2,1,1,1
368,17.0,M,M1,6.8,19.5,72.7,48.8,3.0,6.0,Élevé,10.0,2.0,Stable,16.94,17.73,1,4,1,2,2
369,23.0,F,L1,10.0,15.7,76.6,30.1,7.0,9.0,Bas,4.6,3.0,Stable,15.16,13.28,1,1,0,0,2
370,26.0,M,M1,6.1,15.3,77.0,68.5,2.0,7.0,Moyen,4.9,4.0,Limité,11.41,10.9,1,4,1,1,0
371,22.0,F,M1,8.7,15.1,85.9,96.0,3.0,5.0,Moyen,4.6,3.0,Stable,13.1,8.11,0,4,0,1,2
372,28.0,M,L1,7.1,11.8,90.7,81.5,5.0,8.0,Bas,8.4,1.0,Stable,14.53,10.4,1,1,1,0,2
373,26.0,M,L1,10.0,13.0,84.6,56.3,3.0,5.0,Élevé,5.8,4.0,Instable,16.19,16.43,1,1,1,2,1
374,26.0,F,M1,9.4,6.1,65.6,58.0,6.0,9.0,Moyen,6.9,2.0,Limité,8.63,1.24,0,4,0,1,0
375,24.0,F,L1,5.9,1.1,81.3,56.2,6.0,9.0,Élevé,10.0,2.0,Stable,8.85,7.09,0,1,0,2,2
376,33.0,M,L2,7.5,12.8,84.0,76.3,6.0,8.0,Moyen,6.5,3.0,Limité,14.03,12.28,1,2,1,1,0
377,20.0,M,M1,11.1,13.6,79.0,84.9,1.0,6.0,Moyen,7.8,1.0,Stable,14.64,15.18,1,4,1,1,2
378,17.0,M,L2,9.2,18.0,61.1,75.6,7.0,8.0,Moyen,7.4,3.0,Limité,14.5,15.9,1,2,1,1,0
379,30.0,F,L2,3.8,19.9,88.2,97.7,5.0,6.0,Moyen,5.4,4.0,Stable,14.69,20.0,1,2,0,1,2
380,19.0,M,L2,10.0,19.8,71.9,63.8,3.0,9.0,Élevé,8.4,6.0,Stable,13.82,7.53,0,2,1,2,2
381,22.0,M,L1,4.7,7.0,86.8,85.5,2.0,7.0,Moyen,5.0,5.0,Stable,11.47,11.86,1,1,1,1,2
382,28.0,M,M2,12.2,10.2,58.6,67.9,5.0,7.0,Moyen,8.9,2.0,Instable,12.74,2.49,0,5,1,1,1
383,17.0,M,L2,11.1,14.4,76.9,57.4,6.0,9.0,Moyen,5.4,4.0,Limité,12.77,17.3,1,2,1,1,0
384,17.0,F,L1,8.9,24.7,87.2,59.0,1.0,7.0,Bas,5.6,3.0,Stable,17.7,10.83,1,1,0,0,2
385,17.0,F,L1,8.5,19.4,91.8,31.9,6.0,7.0,Bas,4.5,2.0,Stable,14.75,20.0,1,1,0,0,2
386,18.0,M,M2,7.4,17.6,75.6,39.9,7.0,8.0,Moyen,4.8,0.0,Stable,17.48,16.39,1,5,1,1,2
387,24.0,M,L1,10.0,10.1,89.0,79.8,2.0,9.0,Moyen,5.7,2.0,Stable,13.16,17.96,1,1,1,1,2
388,24.0,M,M1,6.9,7.6,87.1,87.9,11.0,9.0,Moyen,2.1,5.0,Instable,12.7,13.13,1,4,1,1,1
389,23.0,M,L3,8.7,15.9,92.4,55.9,4.0,5.0,Moyen,6.1,5.0,Stable,14.86,11.85,1,3,1,1,2
390,17.0,F,M1,10.6,6.5,75.0,50.4,9.0,7.0,Moyen,5.6,3.0,Limité,10.51,6.71,0,4,0,1,0
391,17.0,F,M2,6.3,10.8,66.3,70.5,1.0,6.0,Moyen,7.9,3.0,Limité,9.17,5.11,0,5,0,1,0
392,22.0,F,M1,6.2,11.4,58.1,27.2,3.0,7.0,Moyen,7.3,3.0,Stable,7.69,9.6,0,4,0,1,2
393,19.0,F,M1,4.4,20.0,68.9,36.4,10.0,6.0,Élevé,5.2,3.0,Stable,16.46,13.93,1,4,0,2,2
394,24.0,F,L1,4.8,10.2,72.7,65.3,7.0,9.0,Bas,5.7,4.0,Limité,11.47,6.18,0,1,0,0,0
395,25.0,F,L3,2.5,0.0,84.5,61.2,5.0,8.0,Moyen,6.1,5.0,Limité,8.93,6.83,0,3,0,1,0
396,22.0,M,L2,10.2,14.5,86.2,82.4,4.0,7.0,Bas,9.2,1.0,Instable,12.87,11.52,1,2,1,0,1
397,25.0,M,L2,13.4,8.5,76.1,75.0,2.0,9.0,Élevé,5.0,2.0,Stable,9.91,7.62,0,2,1,2,2
398,23.0,M,M1,12.3,12.2,88.9,69.0,3.0,9.0,Moyen,5.2,3.0,Stable,15.05,14.67,1,4,1,1,2
399,24.0,F,M2,3.1,11.6,45.1,74.7,6.0,7.0,Moyen,4.5,1.0,Instable,12.58,8.17,0,5,0,1,1
400,18.0,M,L3,10.2,10.6,80.9,75.0,8.0,6.0,Élevé,3.8,1.0,Stable,11.48,8.52,0,3,1,2,2
401,21.0,F,L2,12.3,16.0,89.9,75.3,6.0,7.0,Moyen,7.1,2.0,Instable,16.21,20.0,1,2,0,1,1
402,22.0,F,L2,6.6,4.3,36.1,60.6,5.0,10.0,Bas,6.9,4.0,Instable,6.77,2.64,0,2,0,0,1
403,26.0,F,L2,8.3,9.4,56.3,51.6,3.0,5.0,Moyen,8.8,5.0,Stable,9.74,6.05,0,2,0,1,2
404,20.0,M,L2,2.0,15.4,72.2,40.6,3.0,9.0,Bas,8.4,1.0,Stable,16.63,16.75,1,2,1,0,2
405,24.0,M,L2,8.8,8.9,87.6,80.9,1.0,9.0,Élevé,10.0,3.0,Stable,11.99,14.44,1,2,1,2,2
406,20.0,M,L1,4.8,4.0,97.8,56.7,6.0,5.0,Moyen,6.4,4.0,Limité,13.13,5.91,0,1,1,1,0
407,21.0,F,L1,8.6,15.3,77.5,64.1,4.0,7.0,Moyen,6.0,2.0,Stable,14.43,16.11,1,1,0,1,2
408,26.0,F,L3,3.3,17.6,80.5,74.7,8.0,5.0,Élevé,4.2,6.0,Stable,14.09,12.65,1,3,0,2,2
409,17.0,F,L2,9.6,11.8,89.2,76.0,7.0,6.0,Moyen,7.8,2.0,Limité,15.8,8.82,0,2,0,1,0
410,17.0,M,M1,11.1,2.2,83.4,83.5,9.0,7.0,Moyen,6.7,4.0,Instable,9.95,14.42,1,4,1,1,1
411,17.0,M,L3,5.7,15.5,66.0,63.2,5.0,8.0,Bas,7.7,1.0,Stable,13.18,20.0,1,3,1,0,2
412,17.0,M,L1,4.6,3.7,55.7,60.1,3.0,8.0,Moyen,4.4,4.0,Instable,9.66,1.98,0,1,1,1,1
413,18.0,F,L1,1.5,13.5,89.5,73.7,5.0,5.0,Élevé,7.1,2.0,Stable,16.17,11.46,1,1,0,2,2
414,25.0,F,L1,7.2,7.6,92.5,52.1,4.0,6.0,Élevé,6.9,1.0,Limité,14.4,14.61,1,1,0,2,0
415,20.0,M,M2,6.3,6.2,75.6,81.9,3.0,8.0,Moyen,6.8,1.0,Limité,4.92,0.0,0,5,1,1,0
416,22.0,F,L1,3.3,9.8,94.2,66.8,7.0,8.0,Bas,5.3,2.0,Stable,13.86,18.29,1,1,0,0,2
417,27.0,M,L2,9.4,11.1,97.4,57.1,6.0,8.0,Bas,8.6,5.0,Stable,14.11,11.54,1,2,1,0,2
418,28.0,F,M1,6.7,8.8,91.4,58.1,3.0,8.0,Élevé,10.0,2.0,Stable,13.04,20.0,1,4,0,2,2
419,21.0,M,M2,4.8,14.9,46.7,84.2,3.0,6.0,Bas,4.5,1.0,Instable,12.17,7.89,0,5,1,0,1
420,28.0,M,L1,6.3,9.8,92.4,50.0,6.0,10.0,Moyen,7.8,4.0,Instable,13.39,12.1,1,1,1,1,1
421,22.0,F,L1,11.2,16.9,52.6,26.4,7.0,8.0,Moyen,1.3,2.0,Stable,12.97,15.73,1,1,0,1,2
422,17.0,M,L1,9.8,13.4,53.7,66.7,6.0,5.0,Moyen,7.7,2.0,Limité,11.05,9.45,0,1,1,1,0
423,19.0,M,L1,7.6,8.5,87.4,70.7,3.0,7.0,Moyen,3.1,3.0,Stable,14.07,12.33,1,1,1,1,2
424,17.0,M,L1,9.9,7.7,63.0,74.1,5.0,8.0,Élevé,5.6,4.0,Instable,10.86,12.57,1,1,1,2,1
425,17.0,M,L2,4.5,3.8,64.1,46.8,7.0,8.0,Moyen,4.1,2.0,Instable,9.38,3.72,0,2,1,1,1
426,20.0,F,M1,8.1,13.5,84.2,38.3,1.0,9.0,Moyen,6.1,0.0,Stable,14.81,10.51,1,4,0,1,2
427,26.0,F,L2,8.4,10.2,38.8,58.2,9.0,9.0,Moyen,8.0,4.0,Stable,10.61,2.82,0,2,0,1,2
428,30.0,F,L3,6.6,0.1,90.8,24.2,7.0,9.0,Élevé,3.2,2.0,Instable,10.85,9.21,0,3,0,2,1
429,17.0,M,L1,9.3,9.3,90.6,45.2,5.0,9.0,Moyen,5.9,5.0,Instable,12.17,11.54,1,1,1,1,1
430,23.0,F,M1,5.7,7.5,96.6,87.6,3.0,9.0,Moyen,5.6,5.0,Stable,13.65,15.5,1,4,0,1,2
431,17.0,M,L3,9.5,19.9,88.9,80.7,5.0,8.0,Moyen,9.3,2.0,Instable,16.97,18.59,1,3,1,1,1
432,24.0,M,M1,9.7,3.5,84.5,86.4,6.0,10.0,Bas,7.3,3.0,Stable,13.14,5.78,0,4,1,0,2
433,21.0,M,M1,1.0,4.8,78.1,79.7,6.0,5.0,Bas,4.4,4.0,Stable,11.41,0.0,0,4,1,0,2
434,17.0,F,L2,11.6,17.5,55.9,45.6,7.0,9.0,Élevé,5.7,4.0,Instable,11.63,20.0,1,2,0,2,1
435,26.0,F,L1,1.0,18.8,66.5,85.9,6.0,8.0,Moyen,9.3,2.0,Stable,18.03,20.0,1,1,0,1,2
436,18.0,F,L1,6.2,8.3,94.5,67.5,7.0,6.0,Bas,7.8,5.0,Instable,9.34,8.38,0,1,0,0,1
437,19.0,M,L2,11.1,8.8,85.5,53.9,4.0,9.0,Bas,4.8,4.0,Instable,12.76,11.58,1,2,1,0,1
438,17.0,M,M1,7.0,15.1,91.5,81.2,4.0,8.0,Élevé,6.0,3.0,Stable,13.71,8.13,0,4,1,2,2
439,18.0,F,L2,3.6,0.4,80.2,69.5,3.0,6.0,Moyen,6.1,1.0,Stable,11.84,5.97,0,2,0,1,2
440,24.0,F,L3,4.7,2.7,72.5,60.2,4.0,7.0,Moyen,5.5,5.0,Stable,8.92,11.6,1,3,0,1,2
441,21.0,M,L2,11.1,10.6,80.3,70.3,7.0,9.0,Bas,3.4,3.0,Stable,10.83,11.71,1,2,1,0,2
442,23.0,M,L1,2.2,19.7,72.5,83.6,6.0,7.0,Élevé,5.3,5.0,Instable,14.08,10.01,1,1,1,2,1
443,23.0,M,L2,11.4,9.8,71.9,85.0,5.0,7.0,Élevé,9.0,2.0,Stable,10.71,6.29,0,2,1,2,2
444,28.0,F,L3,7.8,12.5,87.3,90.5,2.0,8.0,Moyen,5.8,2.0,Limité,13.18,11.17,1,3,0,1,0
445,20.0,M,L3,4.4,17.7,29.0,86.1,3.0,10.0,Moyen,6.3,3.0,Stable,10.2,8.44,0,3,1,1,2
446,17.0,F,L2,6.3,22.5,82.4,75.2,7.0,10.0,Moyen,6.8,4.0,Stable,15.42,20.0,1,2,0,1,2
447,27.0,M,L1,4.9,9.1,80.1,75.6,0.0,6.0,Élevé,10.0,6.0,Limité,12.1,9.71,0,1,1,2,0
448,20.0,F,L3,10.6,11.9,93.8,67.7,7.0,8.0,Moyen,6.5,1.0,Stable,14.76,10.62,1,3,0,1,2
449,27.0,M,L1,10.2,21.1,71.4,62.3,9.0,9.0,Élevé,8.5,1.0,Instable,14.3,16.93,1,1,1,2,1
450,23.0,M,M1,2.8,4.4,84.2,61.6,6.0,8.0,Moyen,5.4,2.0,Instable,8.03,7.13,0,4,1,1,1
451,21.0,M,L1,6.8,17.1,74.2,76.0,8.0,6.0,Moyen,6.0,1.0,Limité,14.84,10.37,1,1,1,1,0
452,23.0,M,L1,5.4,6.9,80.9,61.8,4.0,10.0,Moyen,6.5,3.0,Stable,11.88,11.88,1,1,1,1,2
453,31.0,F,L2,11.9,12.5,79.1,65.1,8.0,10.0,Élevé,5.1,2.0,Stable,14.01,18.43,1,2,0,2,2
454,32.0,M,L2,3.9,10.8,63.2,52.6,10.0,8.0,Bas,6.1,3.0,Limité,11.82,10.55,1,2,1,0,0
455,22.0,F,L2,12.8,7.2,45.7,78.3,6.0,7.0,Bas,8.1,3.0,Stable,10.9,5.95,0,2,0,0,2
456,22.0,M,L2,7.9,7.1,80.8,86.9,7.0,8.0,Moyen,5.1,3.0,Instable,12.5,8.31,0,2,1,1,1
457,27.0,M,M2,4.5,13.4,69.8,34.9,5.0,6.0,Moyen,6.5,5.0,Instable,16.19,6.83,0,5,1,1,1
458,17.0,F,L2,6.0,17.0,71.9,84.6,5.0,10.0,Élevé,7.8,5.0,Stable,18.38,17.31,1,2,0,2,2
459,23.0,M,L2,5.6,11.4,74.5,95.6,7.0,8.0,Bas,5.0,5.0,Instable,9.06,8.28,0,2,1,0,1
460,21.0,F,L2,4.2,12.4,89.5,72.6,7.0,8.0,Moyen,8.5,1.0,Limité,10.9,8.89,0,2,0,1,0
461,23.0,F,L1,8.3,14.9,89.5,42.7,5.0,8.0,Bas,6.6,3.0,Stable,14.57,20.0,1,1,0,0,2
462,17.0,F,L2,4.3,7.1,46.2,82.8,6.0,8.0,Moyen,6.2,3.0,Instable,9.11,9.76,0,2,0,1,1
463,17.0,M,L1,1.5,15.7,52.9,47.3,4.0,6.0,Moyen,2.9,1.0,Instable,11.75,2.86,0,1,1,1,1
464,17.0,M,L3,6.9,16.1,77.7,73.6,4.0,8.0,Moyen,5.8,2.0,Stable,15.19,8.25,0,3,1,1,2
465,17.0,F,L1,2.6,25.0,74.6,58.1,4.0,7.0,Moyen,7.2,1.0,Limité,16.88,15.4,1,1,0,1,0
466,19.0,M,M2,5.7,10.1,49.0,90.7,1.0,9.0,Bas,9.6,1.0,Stable,9.22,16.34,1,5,1,0,2
467,20.0,M,L2,5.3,9.7,82.4,53.4,10.0,7.0,Moyen,7.5,1.0,Stable,11.77,15.35,1,2,1,1,2
468,31.0,M,M1,5.4,15.8,79.8,55.3,9.0,8.0,Élevé,8.5,3.0,Limité,14.01,20.0,1,4,1,2,0
469,27.0,F,L2,14.0,16.1,88.0,49.0,2.0,7.0,Moyen,4.3,3.0,Limité,15.92,15.16,1,2,0,1,0
470,17.0,F,L1,8.2,9.3,85.4,69.5,7.0,9.0,Bas,6.3,6.0,Stable,11.09,7.87,0,1,0,0,2
471,23.0,F,M1,8.7,10.0,81.6,66.8,3.0,5.0,Moyen,8.7,2.0,Instable,12.16,7.2,0,4,0,1,1
472,19.0,F,L3,2.7,14.7,37.0,60.0,7.0,6.0,Bas,4.9,2.0,Stable,11.15,10.67,1,3,0,0,2
473,20.0,M,L3,6.0,7.9,92.4,71.9,4.0,6.0,Bas,8.2,0.0,Stable,12.68,12.6,1,3,1,0,2
474,22.0,F,L2,8.6,9.9,46.0,81.8,4.0,6.0,Bas,7.8,3.0,Stable,11.15,8.66,0,2,0,0,2
475,25.0,M,L3,4.9,12.4,65.1,55.5,9.0,9.0,Bas,7.0,4.0,Limité,10.27,15.53,1,3,1,0,0
476,20.0,F,M1,10.7,17.0,81.3,67.8,7.0,8.0,Bas,5.9,2.0,Stable,13.04,13.34,1,4,0,0,2
477,27.0,M,L3,4.4,9.0,82.8,76.3,5.0,8.0,Moyen,4.7,3.0,Stable,12.25,15.59,1,3,1,1,2
478,17.0,F,L2,7.1,2.8,50.6,79.6,3.0,6.0,Bas,9.7,1.0,Instable,8.45,1.07,0,2,0,0,1
479,22.0,M,L3,6.2,2.4,82.6,96.0,6.0,9.0,Moyen,7.6,6.0,Stable,8.01,15.8,1,3,1,1,2
480,34.0,M,L3,8.5,5.7,87.8,91.3,5.0,9.0,Élevé,7.1,4.0,Stable,13.14,9.89,0,3,1,2,2
481,23.0,M,M2,6.1,5.4,83.1,72.8,5.0,7.0,Moyen,5.8,3.0,Stable,13.56,13.85,1,5,1,1,2
482,29.0,M,L2,7.2,11.2,80.8,38.4,3.0,9.0,Moyen,6.6,5.0,Instable,11.35,12.96,1,2,1,1,1
483,22.0,M,L2,7.3,6.1,51.6,82.7,2.0,7.0,Moyen,6.8,3.0,Instable,10.72,6.23,0,2,1,1,1
484,24.0,F,M1,5.8,8.5,81.6,80.2,7.0,8.0,Bas,7.2,2.0,Instable,8.35,11.48,1,4,0,0,1
485,21.0,M,L2,9.5,8.1,78.3,45.0,6.0,7.0,Moyen,7.8,5.0,Stable,12.74,13.87,1,2,1,1,2
486,21.0,F,L3,8.7,9.8,94.8,85.9,6.0,6.0,Moyen,5.1,1.0,Stable,12.09,9.0,0,3,0,1,2
487,18.0,M,L2,7.7,18.6,59.8,55.8,9.0,7.0,Élevé,3.9,1.0,Instable,15.0,11.85,1,2,1,2,1
488,24.0,F,L1,6.7,15.3,72.8,69.2,2.0,9.0,Élevé,6.7,2.0,Stable,12.11,12.85,1,1,0,2,2
489,17.0,M,L3,10.4,12.1,75.6,60.3,3.0,10.0,Élevé,3.4,4.0,Stable,11.92,9.28,0,3,1,2,2
490,25.0,F,L1,7.3,9.7,69.5,60.7,11.0,10.0,Moyen,5.9,4.0,Stable,9.73,13.51,1,1,0,1,2
491,27.0,F,L1,7.1,9.8,95.2,58.3,2.0,9.0,Moyen,5.6,2.0,Stable,12.99,15.2,1,1,0,1,2
492,23.0,M,L3,8.3,13.6,81.7,67.6,7.0,7.0,Élevé,7.4,4.0,Stable,16.18,15.03,1,3,1,2,2
493,20.0,F,L3,13.1,14.9,73.8,79.4,7.0,8.0,Élevé,10.0,2.0,Limité,13.66,17.99,1,3,0,2,0
494,24.0,M,M1,4.0,7.5,64.9,87.1,5.0,9.0,Moyen,3.0,3.0,Stable,12.83,1.27,0,4,1,1,2
495,20.0,M,L1,10.3,12.2,90.1,80.8,6.0,9.0,Élevé,10.0,3.0,Instable,13.45,12.33,1,1,1,2,1
496,26.0,F,L1,2.3,1.8,76.3,66.3,10.0,5.0,Élevé,6.1,3.0,Stable,11.13,8.65,0,1,0,2,2
497,17.0,F,M2,8.7,13.1,58.4,43.1,5.0,9.0,Moyen,7.1,6.0,Instable,8.63,11.06,1,5,0,1,1
498,20.0,M,L1,12.7,15.8,83.1,64.1,3.0,8.0,Bas,4.0,2.0,Stable,13.85,14.44,1,1,1,0,2
499,17.0,M,L1,9.5,10.6,51.0,39.7,4.0,8.0,Bas,8.3,0.0,Limité,9.82,16.09,1,1,1,0,0
500,17.0,F,L1,8.5,21.1,84.4,73.4,3.0,10.0,Moyen,6.6,2.0,Stable,18.8,20.0,1,1,0,1,2
