timestamp,t,value1,value2,classifier_model_meta.pkl_preds,classifier_model_meta.pkl_proba,regression_model_meta.pkl_preds,regression_model_meta.pkl_proba,classifier_model.pkl_preds,classifier_model.pkl_proba,regression_model.pkl_preds,regression_model.pkl_proba,ensemble_pred,ensemble_proba
2026-04-23 08:21:17.253553,3241.5,-0.4748485944894087,0.9967882511032986,,,,,,,,,,
2026-04-23 08:21:17.253553,5013.5,-0.4541790533206327,-1.0049459691483875,,,,,,,,,,
2026-04-23 08:21:17.753951,3242.0,-0.1114849330965316,0.989562909967358,,,,,,,,,,
2026-04-23 08:21:17.753951,5014.0,-0.0008013623864576,-0.9922032863736324,,,,,,,,,,
2026-04-23 08:21:18.254399,3242.5,0.3765930907329643,1.011997559620417,,,,,,,,,,
2026-04-23 08:21:18.254399,5014.5,0.4449604604886584,-1.013485099055231,,,,,,,,,,
2026-04-23 08:21:18.754753,3243.0,0.5052427327464231,0.985139272564388,,,,,,,,,,
2026-04-23 08:21:18.754807,5015.0,0.4857970413553897,-0.9584088594388516,,,,,,,,,,
2026-04-23 08:21:19.255337,3243.5,0.4874967349812583,0.94201259424882,,,,,,,,,,
2026-04-23 08:21:19.255337,5015.5,0.5129975694051833,-0.9305557069468288,,,,,,,,,,
2026-04-23 08:21:19.756520,3244.0,0.6952510894451329,0.913213044479402,,,,,,,,,,
2026-04-23 08:21:19.757023,5016.0,0.7789232973217118,-0.8548478847115262,,,,,,,,,,
2026-04-23 08:21:20.258199,3244.5,1.0979482993025496,0.8297088424306188,,,,,,,,,,
2026-04-23 08:21:20.258199,5016.5,1.1650281328179846,-0.8140374891627101,,,,,,,,,,
2026-04-23 08:21:20.759734,5017.0,1.089147539970496,-0.7232127186004671,,,,,,,,,,
2026-04-23 08:21:20.759727,3245.0,1.1345958761274313,0.7764286826326595,,,,,,,,,,
2026-04-23 08:21:21.261601,5017.5,0.8219213337584497,-0.6468052412174863,,,,,,,,,,
2026-04-23 08:21:21.261601,3245.5,0.8418942467352964,0.673922040292841,,,,,,,,,,
2026-04-23 08:21:21.762101,3246.0,0.7539712577629158,0.5831735250432606,,,,,,,,,,
2026-04-23 08:21:21.762102,5018.0,0.8111735574621001,-0.5442344985572669,,,,,,,,,,
2026-04-23 08:21:22.263069,3246.5,0.9451526021991156,0.4630108459737305,,,,,,,,,,
2026-04-23 08:21:22.263068,5018.5,0.9158344106534378,-0.4376098473457637,,,,,,,,,,
2026-04-23 08:21:22.763737,3247.0,0.8116213444257834,0.340924359032502,,,,,,,,,,
2026-04-23 08:21:22.763737,5019.0,0.7227364101716386,-0.3035740336890548,,,,,,,,,,
2026-04-23 08:21:23.264064,3247.5,0.3730983873633476,0.2304528480876639,,,,,,,,,,
2026-04-23 08:21:23.264065,5019.5,0.2345347628533475,-0.2065744770959243,,,,,,,,,,
2026-04-23 08:21:23.764644,5020.0,0.0114199691812364,-0.044665896541738,,,,,,,,,,
2026-04-23 08:21:23.764644,3248.0,0.0227898663109219,0.1249915573235815,,,,,,,,,,
2026-04-23 08:21:24.265139,3248.5,0.0184600862752575,-0.0419015449207869,,,,,,,,,,
2026-04-23 08:21:24.265139,5020.5,0.0121324214178388,0.0375408465792808,,,,,,,,,,
2026-04-23 08:21:24.766167,3249.0,-0.1120833024782793,-0.1568675038651792,,,,,,,,,,
2026-04-23 08:21:24.766178,5021.0,-0.2077873143574977,0.1604757888449128,,,,,,,,,,
2026-04-23 08:21:25.266746,5021.5,-0.6673322642926006,0.3254708918213709,,,,,,,,,,
2026-04-23 08:21:25.266746,3249.5,-0.5412890915804663,-0.2764464217037257,,,,,,,,,,
2026-04-23 08:21:25.767255,3250.0,-0.9286496478199116,-0.3856088994971871,,,,,,,,,,
2026-04-23 08:21:25.767255,5022.0,-0.9589497509421208,0.427141887590633,,,,,,,,,,
2026-04-23 08:21:26.267652,5022.5,-0.7948021783877098,0.5230755399104601,,,,,,,,,,
2026-04-23 08:21:26.267688,3250.5,-0.8870809628110793,-0.4930492696289063,,,,,,,,,,
2026-04-23 08:21:26.768308,5023.0,-0.7802640079437859,0.6346816547877119,,,,,,,,,,
2026-04-23 08:21:26.768308,3251.0,-0.7744416505882751,-0.6154957801263911,,,,,,,,,,
2026-04-23 08:21:27.268721,3251.5,-0.9617733102847098,-0.7224817628724453,,,,,,,,,,
2026-04-23 08:21:27.268721,5023.5,-1.041194345920659,0.7057127789107461,,,,,,,,,,
2026-04-23 08:21:27.769210,5024.0,-1.1400105057640109,0.7906920720299002,,,,,,,,,,
2026-04-23 08:21:27.769214,3252.0,-1.1831016018541576,-0.7827349391815487,,,,,,,,,,
2026-04-23 08:21:28.269603,3252.5,-0.9402951285684488,-0.829201640431776,,,,,,,,,,
2026-04-23 08:21:28.269604,5024.5,-0.8201747467403394,0.8914383646167832,,,,,,,,,,
2026-04-23 08:21:28.770106,5025.0,-0.5242652219077049,0.9075097319258146,,,,,,,,,,
2026-04-23 08:21:28.770105,3253.0,-0.5803101920569463,-0.9126415294677016,,,,,,,,,,
2026-04-23 08:21:29.270540,3253.5,-0.4777349197505801,-0.9400083848566352,,,,,,,,,,
2026-04-23 08:21:29.270590,5025.5,-0.500652790023883,0.970808746308776,,,,,,,,,,
2026-04-23 08:21:29.770941,5026.0,-0.4458318166002175,0.978276547329326,,,,,,,,,,
2026-04-23 08:21:29.770945,3254.0,-0.4907805560643814,-1.0049471536134635,,,,,,,,,,
2026-04-23 08:21:30.271346,3254.5,-0.2263684517798419,-0.991086200914538,,,,,,,,,,
2026-04-23 08:21:30.271348,5026.5,-0.0478389522306068,1.0030358369564876,,,,,,,,,,
2026-04-23 08:21:30.771697,5027.0,0.4418692166703444,1.0035675000336688,,,,,,,,,,
2026-04-23 08:21:30.771697,3255.0,0.2922693541378378,-0.996965982762093,,,,,,,,,,
2026-04-23 08:21:31.272033,5027.5,0.5285073767073912,0.9916102256980268,,,,,,,,,,
2026-04-23 08:21:31.272033,3255.5,0.5132273236939363,-0.9799634172518936,,,,,,,,,,
2026-04-23 08:21:31.772393,3256.0,0.4783917513207484,-0.9482828040576498,,,,,,,,,,
2026-04-23 08:21:31.772424,5028.0,0.4961054430616054,0.9508258806598286,,,,,,,,,,
2026-04-23 08:21:32.272769,3256.5,0.6148189003470318,-0.9053597823839912,,,,,,,,,,
2026-04-23 08:21:32.272770,5028.5,0.7567309077865915,0.8711859187593936,,,,,,,,,,
2026-04-23 08:21:32.773051,3257.0,1.024740945529091,-0.8237491775497016,,,,,,,,,,
2026-04-23 08:21:32.773062,5029.0,1.0993585636021437,0.8290121578659807,,,,,,,,,,
2026-04-23 08:21:33.273443,3257.5,1.1351862649377409,-0.7403360479624008,,,,,,,,,,
2026-04-23 08:21:33.273449,5029.5,1.1086619528105297,0.7305218978080618,,,,,,,,,,
2026-04-23 08:21:33.773948,3258.0,0.90832476718063,-0.6569320358053847,,,,,,,,,,
2026-04-23 08:21:33.773949,5030.0,0.8172464407266505,0.6591206463894314,,,,,,,,,,
2026-04-23 08:21:34.274337,3258.5,0.7435765769612346,-0.5869257017451324,,,,,,,,,,
2026-04-23 08:21:34.274361,5030.5,0.8100969525658511,0.5407016493154778,,,,,,,,,,
2026-04-23 08:21:34.774665,3259.0,0.9010956341925312,-0.4525522625798079,,,,,,,,,,
2026-04-23 08:21:34.774665,5031.0,0.929757437649815,0.4482037123182646,,,,,,,,,,
2026-04-23 08:21:35.275009,3259.5,0.875717345456795,-0.3633262681263465,,,,,,,,,,
2026-04-23 08:21:35.275009,5031.5,0.7820669688976891,0.3075017166934272,,,,,,,,,,
2026-04-23 08:21:35.775441,3260.0,0.3993865340346102,-0.2520364940599824,,,,,,,,,,
2026-04-23 08:21:35.775453,5032.0,0.2714199941463117,0.2099584189560459,,,,,,,,,,
2026-04-23 08:21:36.275799,3260.5,0.0483479220884066,-0.1363085358428186,,,,,,,,,,
2026-04-23 08:21:36.275799,5032.5,0.0107180895733735,0.083406521686439,,,,,,,,,,
2026-04-23 08:21:36.776167,5033.0,0.0081206146477238,-0.0284035059972917,,,,,,,,,,
2026-04-23 08:21:36.776168,3261.0,0.0230833691469701,0.0114134890216017,,,,,,,,,,
2026-04-23 08:21:37.276568,5033.5,-0.1412667081597179,-0.1700853535670732,,,,,,,,,,
2026-04-23 08:21:37.276572,3261.5,-0.0508121408065576,0.1344069337693431,,,,,,,,,,
2026-04-23 08:21:37.777012,5034.0,-0.6406095488100066,-0.2700369281354368,,,,,,,,,,
2026-04-23 08:21:37.777011,3262.0,-0.4833834152058731,0.2524968625029178,,,,,,,,,,
2026-04-23 08:21:38.277417,3262.5,-0.8671203231781015,0.3848646790358728,,,,,,,,,,
2026-04-23 08:21:38.277417,5034.5,-0.9299295728320562,-0.4245821823943527,,,,,,,,,,
2026-04-23 08:21:38.777811,3263.0,-0.869374072612578,0.4769673150496516,,,,,,,,,,
2026-04-23 08:21:38.777811,5035.0,-0.8236748318073206,-0.5398782145421889,,,,,,,,,,
2026-04-23 08:21:39.278160,3263.5,-0.766395876309197,0.6068567472856824,,,,,,,,,,
2026-04-23 08:21:39.278160,5035.5,-0.7874780676302904,-0.6046882762719632,,,,,,,,,,
2026-04-23 08:21:39.779974,3264.0,-0.9420632336460047,0.6925183903465556,,,,,,,,,,
2026-04-23 08:21:39.779976,5036.0,-1.0247210177466544,-0.7048974224558495,,,,,,,,,,
2026-04-23 08:21:40.280818,3264.5,-1.1645766629983871,0.7543469928360893,,,,,,,,,,
2026-04-23 08:21:40.280818,5036.5,-1.1835877761280391,-0.8069101696465726,,,,,,,,,,
2026-04-23 08:21:40.781383,5037.0,-0.9071344437484666,-0.8549078840766731,,,,,,,,,,
2026-04-23 08:21:40.781383,3265.0,-0.982672787102584,0.8498943416365627,,,,,,,,,,
2026-04-23 08:21:41.281866,5037.5,-0.5183895457065515,-0.9105196797600178,,,,,,,,,,
2026-04-23 08:21:41.281866,3265.5,-0.6039280084157417,0.8920972984259197,,,,,,,,,,
2026-04-23 08:21:41.782230,3266.0,-0.4705827153343737,0.9313111311027604,,,,,,,,,,
2026-04-23 08:21:41.782231,5038.0,-0.489816625105664,-0.9380097645958012,,,,,,,,,,
2026-04-23 08:21:42.282608,3266.5,-0.5470597121404486,0.9651149004274168,,,,,,,,,,
2026-04-23 08:21:42.282608,5038.5,-0.4791799892087068,-0.9837604678209008,,,,,,,,,,
2026-04-23 08:21:42.782957,3267.0,-0.2558650609856496,1.0004097409584582,,,,,,,,,,
2026-04-23 08:21:42.782957,5039.0,-0.1379404946603207,-1.0138555115435524,,,,,,,,,,
2026-04-23 08:21:43.283348,5039.5,0.3837537576571989,-1.0161317272129933,,,,,,,,,,
2026-04-23 08:21:43.283348,3267.5,0.2552214894143566,1.0032512622515577,,,,,,,,,,
2026-04-23 08:21:43.783757,5040.0,0.5421420942265371,-0.9800551603673712,,,,,,,,,,
2026-04-23 08:21:43.783757,3268.0,0.506852102419427,0.9720675466703088,,,,,,,,,,
2026-04-23 08:21:44.284146,3268.5,0.4572771257741465,0.9710178796572172,,,,,,,,,,
2026-04-23 08:21:44.284145,5040.5,0.4439633788778456,-0.9521266600267382,,,,,,,,,,
2026-04-23 08:21:44.784502,3269.0,0.587770228846126,0.8943018062102971,,,,,,,,,,
2026-04-23 08:21:44.784501,5041.0,0.7086256914649027,-0.8923973719925481,,,,,,,,,,
2026-04-23 08:21:45.284911,5041.5,1.0735427119988494,-0.8128535882131814,,,,,,,,,,
2026-04-23 08:21:45.284912,3269.5,0.98462613258618,0.8340907721435024,,,,,,,,,,
2026-04-23 08:21:45.785390,3270.0,1.1662124700748762,0.7857160126798068,,,,,,,,,,
2026-04-23 08:21:45.785390,5042.0,1.1330013472029326,-0.7313858323716045,,,,,,,,,,
2026-04-23 08:21:46.285814,5042.5,0.8475002319542653,-0.6862990381041775,,,,,,,,,,
2026-04-23 08:21:46.285813,3270.5,0.9292537932979248,0.709749609335685,,,,,,,,,,
2026-04-23 08:21:46.786257,3271.0,0.77944321147973,0.6134750020002622,,,,,,,,,,
2026-04-23 08:21:46.786257,5043.0,0.7600331360768422,-0.5492542692896702,,,,,,,,,,
2026-04-23 08:21:47.286682,5043.5,0.924451828204324,-0.4763890943556095,,,,,,,,,,
2026-04-23 08:21:47.286730,3271.5,0.8928678303285821,0.4647483125576169,,,,,,,,,,
2026-04-23 08:21:47.787066,5044.0,0.8112398514482203,-0.3206171061196474,,,,,,,,,,
2026-04-23 08:21:47.787095,3272.0,0.8766237501102867,0.365400615961906,,,,,,,,,,
2026-04-23 08:21:48.287391,3272.5,0.4900329711621524,0.2778519955110918,,,,,,,,,,
2026-04-23 08:21:48.287391,5044.5,0.3300775713209175,-0.2160351923679699,,,,,,,,,,
2026-04-23 08:21:48.787726,5045.0,0.0001470741669716,-0.0796546343012153,,,,,,,,,,
2026-04-23 08:21:48.787726,3273.0,0.0723588798264139,0.1358748584853273,,,,,,,,,,
2026-04-23 08:21:49.288105,3273.5,0.0038631187586018,0.0255898728731604,,,,,,,,,,
2026-04-23 08:21:49.288105,5045.5,0.0018591530847067,0.0228892325422151,,,,,,,,,,
2026-04-23 08:21:49.788467,3274.0,-0.0387106204666833,-0.1091416880101652,,,,,,,,,,
2026-04-23 08:21:49.788474,5046.0,-0.0955070626615472,0.1554094598538103,,,,,,,,,,
2026-04-23 08:21:50.288831,3274.5,-0.3947557238690358,-0.2228298490108752,,,,,,,,,,
2026-04-23 08:21:50.288831,5046.5,-0.5429542476081126,0.2592392130662639,,,,,,,,,,
2026-04-23 08:21:50.789191,5047.0,-0.9233715939156528,0.3683026110129181,,,,,,,,,,
2026-04-23 08:21:50.789191,3275.0,-0.8802173062018891,-0.3716290249553316,,,,,,,,,,
2026-04-23 08:21:51.289583,3275.5,-0.9259472282077932,-0.4576524093345327,,,,,,,,,,
2026-04-23 08:21:51.289583,5047.5,-0.8619342767311229,0.5045358223739349,,,,,,,,,,
2026-04-23 08:21:51.789900,5048.0,-0.7521272693960145,0.5848854459036591,,,,,,,,,,
2026-04-23 08:21:51.789895,3276.0,-0.7629719630237619,-0.5756169642692887,,,,,,,,,,
2026-04-23 08:21:52.290216,3276.5,-0.9044805660621672,-0.6575449787508139,,,,,,,,,,
2026-04-23 08:21:52.290216,5048.5,-0.9566010271620036,0.6850815076614412,,,,,,,,,,
2026-04-23 08:21:52.790581,3277.0,-1.1463114760047308,-0.7833892649050438,,,,,,,,,,
2026-04-23 08:21:52.790582,5049.0,-1.184300421911203,0.7870261498932315,,,,,,,,,,
2026-04-23 08:21:53.290923,5049.5,-0.9319154550525096,0.8782100772774697,,,,,,,,,,
2026-04-23 08:21:53.290919,3277.5,-1.03248035383377,-0.8305477055394317,,,,,,,,,,
2026-04-23 08:21:53.791250,5050.0,-0.5775426600855464,0.9135342804336716,,,,,,,,,,
2026-04-23 08:21:53.791250,3278.0,-0.6447317084393306,-0.8928945122045064,,,,,,,,,,
2026-04-23 08:21:54.291597,3278.5,-0.4890809976677608,-0.969501379281366,,,,,,,,,,
2026-04-23 08:21:54.291607,5050.5,-0.4625627270183242,0.9553178994472464,,,,,,,,,,
2026-04-23 08:21:54.792309,3279.0,-0.5126531251960319,-1.0022059117952848,,,,,,,,,,
2026-04-23 08:21:54.792309,5051.0,-0.535921204777853,0.971154300129808,,,,,,,,,,
2026-04-23 08:21:55.292653,3279.5,-0.337797198198344,-1.0183140751941884,,,,,,,,,,
2026-04-23 08:21:55.292653,5051.5,-0.1715939321295025,0.9748345331771312,,,,,,,,,,
2026-04-23 08:21:55.793004,3280.0,0.1794455779267832,-1.0056984116717875,,,,,,,,,,
2026-04-23 08:21:55.793004,5052.0,0.342348936503511,0.98340306175168,,,,,,,,,,
2026-04-23 08:21:56.293382,3280.5,0.5179509242952396,-0.9818066888306276,,,,,,,,,,
2026-04-23 08:21:56.293388,5052.5,0.5152574380774474,0.9896281543961872,,,,,,,,,,
2026-04-23 08:21:56.793723,5053.0,0.4611675958041722,0.9598803970695986,,,,,,,,,,
2026-04-23 08:21:56.793718,3281.0,0.4626590265745342,-0.948108241903544,,,,,,,,,,
2026-04-23 08:21:57.294112,3281.5,0.5658628311610884,-0.8986007182887276,,,,,,,,,,
2026-04-23 08:21:57.294105,5053.5,0.6424682717785489,0.9135292734941468,,,,,,,,,,
2026-04-23 08:21:57.794460,5054.0,1.0277105957304389,0.8197628286519729,,,,,,,,,,
2026-04-23 08:21:57.794460,3282.0,0.9287791565485582,-0.8715647013059642,,,,,,,,,,
2026-04-23 08:21:58.294820,3282.5,1.1719477006012184,-0.7986910283211854,,,,,,,,,,
2026-04-23 08:21:58.294819,5054.5,1.1373357139523277,0.7777584336531964,,,,,,,,,,
2026-04-23 08:21:58.795156,3283.0,0.9658892635927776,-0.675911167296626,,,,,,,,,,
2026-04-23 08:21:58.795156,5055.0,0.9184439663703742,0.6767595871900914,,,,,,,,,,
2026-04-23 08:21:59.295542,5055.5,0.765234705969454,0.5536986668763318,,,,,,,,,,
2026-04-23 08:21:59.295542,3283.5,0.784496948651826,-0.6174432757293244,,,,,,,,,,
2026-04-23 08:21:59.795864,5056.0,0.898841822581426,0.4877991304281099,,,,,,,,,,
2026-04-23 08:21:59.795874,3284.0,0.8646817460193423,-0.4893283813108904,,,,,,,,,,
2026-04-23 08:22:00.296200,5056.5,0.8690430220559854,0.3488531080515438,,,,,,,,,,
2026-04-23 08:22:00.296200,3284.5,0.9181681516789176,-0.4015000390594441,,,,,,,,,,
2026-04-23 08:22:00.796554,5057.0,0.4370006086377914,0.2523857637515607,,,,,,,,,,
2026-04-23 08:22:00.796597,3285.0,0.5454137507092794,-0.2500437674684559,,,,,,,,,,
2026-04-23 08:22:01.296955,5057.5,0.0260681650775229,0.1234166931966741,,,,,,,,,,
2026-04-23 08:22:01.296955,3285.5,0.1208094357030996,-0.1626552006895661,,,,,,,,,,
2026-04-23 08:22:01.797358,5058.0,-0.0186992379127532,0.0077862259726447,,,,,,,,,,
2026-04-23 08:22:01.797358,3286.0,-0.003560025619201,-0.0202120261849617,,,,,,,,,,
2026-04-23 08:22:02.297673,3286.5,-0.006020594743655,0.0917920184770301,,,,,,,,,,
2026-04-23 08:22:02.297673,5058.5,-0.0596681099879202,-0.1271309657372196,,,,,,,,,,
2026-04-23 08:22:02.798003,3287.0,-0.3673050130325117,0.2417615893143418,,,,,,,,,,
2026-04-23 08:22:02.798003,5059.0,-0.4635860134967265,-0.253526094426082,,,,,,,,,,
2026-04-23 08:22:03.298431,3287.5,-0.8391091225094622,0.3333295120404692,,,,,,,,,,
2026-04-23 08:22:03.298431,5059.5,-0.8967512490774283,-0.3938147470823204,,,,,,,,,,
2026-04-23 08:22:03.798775,3288.0,-0.9305458683613016,0.4516525994350696,,,,,,,,,,
2026-04-23 08:22:03.798781,5060.0,-0.8641229924727489,-0.5066565665636495,,,,,,,,,,
2026-04-23 08:22:04.299194,3288.5,-0.7955403059326129,0.581890584856913,,,,,,,,,,
2026-04-23 08:22:04.299194,5060.5,-0.7776736276377119,-0.5723465595527527,,,,,,,,,,
2026-04-23 08:22:04.799567,5061.0,-0.911998966743776,-0.7072223579914659,,,,,,,,,,
2026-04-23 08:22:04.799598,3289.0,-0.856435508763153,0.6794993460575853,,,,,,,,,,
2026-04-23 08:22:05.299934,5061.5,-1.1826955340291854,-0.7869249320842053,,,,,,,,,,
2026-04-23 08:22:05.299935,3289.5,-1.1065743889914852,0.7539449466587276,,,,,,,,,,
2026-04-23 08:22:05.800273,3290.0,-1.0680441656472108,0.8301981890176217,,,,,,,,,,
2026-04-23 08:22:05.800273,5062.0,-1.0149866270877608,-0.8288367950301252,,,,,,,,,,
2026-04-23 08:22:06.300761,3290.5,-0.6788034238953062,0.8862657036076365,,,,,,,,,,
2026-04-23 08:22:06.300757,5062.5,-0.6035894362566178,-0.9247919786090358,,,,,,,,,,
2026-04-23 08:22:06.801214,5063.0,-0.4895035329023878,-0.9700031183614076,,,,,,,,,,
2026-04-23 08:22:06.801214,3291.0,-0.4566662466235868,0.9579584153402352,,,,,,,,,,
2026-04-23 08:22:07.301624,3291.5,-0.525530534425841,0.9607141898556922,,,,,,,,,,
2026-04-23 08:22:07.301647,5063.5,-0.504419910752159,-0.99201034452986,,,,,,,,,,
2026-04-23 08:22:07.802049,3292.0,-0.3710773892437206,0.9990651037375312,,,,,,,,,,
2026-04-23 08:22:07.802049,5064.0,-0.2387427905795125,-1.0128141344221984,,,,,,,,,,
2026-04-23 08:22:08.302383,3292.5,0.1090116245257272,0.9912253257207152,,,,,,,,,,
2026-04-23 08:22:08.302383,5064.5,0.2611108685916331,-0.991332718936188,,,,,,,,,,
2026-04-23 08:22:08.802770,3293.0,0.4957678843505642,0.96461305059418,,,,,,,,,,
2026-04-23 08:22:08.802770,5065.0,0.5034656812939786,-0.9721572198190844,,,,,,,,,,
2026-04-23 08:22:09.303085,5065.5,0.4566302413878002,-0.937469899569099,,,,,,,,,,
2026-04-23 08:22:09.303085,3293.5,0.5103422876492412,0.954452385964832,,,,,,,,,,
2026-04-23 08:22:09.803531,5066.0,0.6060787783001843,-0.8818139594199382,,,,,,,,,,
2026-04-23 08:22:09.803569,3294.0,0.5117736136237794,0.9420455654296148,,,,,,,,,,
2026-04-23 08:22:10.303916,3294.5,0.8823258674922155,0.8575111018743113,,,,,,,,,,
2026-04-23 08:22:10.303907,5066.5,0.9806918402965796,-0.8375185452939304,,,,,,,,,,
2026-04-23 08:22:10.804233,5067.0,1.183927905289781,-0.7678117130961851,,,,,,,,,,
2026-04-23 08:22:10.804233,3295.0,1.1644071472736168,0.7803852865291944,,,,,,,,,,
2026-04-23 08:22:11.305107,5067.5,0.9315825691789336,-0.7041785345100677,,,,,,,,,,
2026-04-23 08:22:11.305107,3295.5,1.0200795878094064,0.7240737588840627,,,,,,,,,,
2026-04-23 08:22:11.805931,3296.0,0.7783607492923451,0.6319705936451778,,,,,,,,,,
2026-04-23 08:22:11.805932,5068.0,0.7472607770796983,-0.5817570711408095,,,,,,,,,,
2026-04-23 08:22:12.306263,5068.5,0.8657575768696826,-0.4639182948169431,,,,,,,,,,
2026-04-23 08:22:12.306263,3296.5,0.8176751347940145,0.5393048472008423,,,,,,,,,,
2026-04-23 08:22:12.806607,3297.0,0.9097349019659112,0.4057861813850005,,,,,,,,,,
2026-04-23 08:22:12.806607,5069.0,0.8840224793944733,-0.390653946864983,,,,,,,,,,
2026-04-23 08:22:13.306962,5069.5,0.5073206694404838,-0.2747006847002876,,,,,,,,,,
2026-04-23 08:22:13.306962,3297.5,0.6332792734414351,0.2843316992807389,,,,,,,,,,
2026-04-23 08:22:13.807305,3298.0,0.1705343010737578,0.1730727030288288,,,,,,,,,,
2026-04-23 08:22:13.807314,5070.0,0.0762781401640193,-0.1158745214379992,,,,,,,,,,
2026-04-23 08:22:14.307653,5070.5,-0.0023051434032358,0.0134084359455603,,,,,,,,,,
2026-04-23 08:22:14.307653,3298.5,-0.0374797914625118,0.0502965125331582,,,,,,,,,,
2026-04-23 08:22:14.808036,5071.0,-0.0361744840806531,0.1281426324177713,,,,,,,,,,
2026-04-23 08:22:14.808036,3299.0,0.0067908125625967,-0.0595887876550726,,,,,,,,,,
2026-04-23 08:22:15.308482,5071.5,-0.4198865452731395,0.2543592148964395,,,,,,,,,,
2026-04-23 08:22:15.308482,3299.5,-0.2760568843317237,-0.1890603026566426,,,,,,,,,,
2026-04-23 08:22:15.808831,5072.0,-0.8544778206354665,0.3526553629094651,,,,,,,,,,
2026-04-23 08:22:15.808831,3300.0,-0.7511604779846833,-0.3160484722414437,,,,,,,,,,
2026-04-23 08:22:16.309164,3300.5,-0.9461850369073594,-0.4489022294026942,,,,,,,,,,
2026-04-23 08:22:16.309164,5072.5,-0.9142185643493258,0.4714709632020463,,,,,,,,,,
2026-04-23 08:22:16.809479,3301.0,-0.7657075344211437,-0.5522857727906624,,,,,,,,,,
2026-04-23 08:22:16.809479,5073.0,-0.7541076353192475,0.5693937464012593,,,,,,,,,,
2026-04-23 08:22:17.309838,3301.5,-0.8138354799433696,-0.6252281927489095,,,,,,,,,,
2026-04-23 08:22:17.309838,5073.5,-0.882353720508462,0.6801207795337879,,,,,,,,,,
2026-04-23 08:22:17.810207,5074.0,-1.1679314752364771,0.7727742318013948,,,,,,,,,,
2026-04-23 08:22:17.810207,3302.0,-1.0790411441840928,-0.7362866442256027,,,,,,,,,,
2026-04-23 08:22:18.310547,3302.5,-1.1388041955484158,-0.8416042213932555,,,,,,,,,,
2026-04-23 08:22:18.310547,5074.5,-1.026061252356362,0.8486067574800923,,,,,,,,,,
2026-04-23 08:22:18.810856,3303.0,-0.7236162176760217,-0.8865773487113711,,,,,,,,,,
2026-04-23 08:22:18.810856,5075.0,-0.636562902805647,0.9024962511938428,,,,,,,,,,
2026-04-23 08:22:19.311168,3303.5,-0.4687869161290731,-0.9500133550605062,,,,,,,,,,
2026-04-23 08:22:19.311163,5075.5,-0.4525290485932175,0.9335357125862368,,,,,,,,,,
2026-04-23 08:22:19.811513,3304.0,-0.5348945394423935,-0.980832505732638,,,,,,,,,,
2026-04-23 08:22:19.811533,5076.0,-0.5153298566083426,0.9619635664773472,,,,,,,,,,
2026-04-23 08:22:20.311874,5076.5,-0.3119726913347037,1.0104408418960416,,,,,,,,,,
2026-04-23 08:22:20.311874,3304.5,-0.4367261152885628,-1.0129318252011617,,,,,,,,,,
2026-04-23 08:22:20.812386,3305.0,0.0455045161747544,-1.0052743518922975,,,,,,,,,,
2026-04-23 08:22:20.812386,5077.0,0.2150035478587908,1.014927530393711,,,,,,,,,,
2026-04-23 08:22:21.312807,5077.5,0.5306380265255488,1.0022486595912954,,,,,,,,,,
2026-04-23 08:22:21.312842,3305.5,0.4583332732742694,-0.9658500321200338,,,,,,,,,,
2026-04-23 08:22:21.813133,3306.0,0.5022473883392737,-0.9744837540702618,,,,,,,,,,
2026-04-23 08:22:21.813133,5078.0,0.4536285710364149,0.9340921781587436,,,,,,,,,,
2026-04-23 08:22:22.313459,3306.5,0.5086896211974137,-0.9185967672991664,,,,,,,,,,
2026-04-23 08:22:22.313482,5078.5,0.5800397231076698,0.9094791010361252,,,,,,,,,,
2026-04-23 08:22:22.813813,3307.0,0.8136013926223882,-0.8852422687355473,,,,,,,,,,
2026-04-23 08:22:22.813813,5079.0,0.9341571754604115,0.8753611938965918,,,,,,,,,,
2026-04-23 08:22:23.314176,3307.5,1.1681251294447874,-0.8133706721190519,,,,,,,,,,
2026-04-23 08:22:23.314241,5079.5,1.1750345188833542,0.791578386171993,,,,,,,,,,
2026-04-23 08:22:23.814503,3308.0,1.0700354430069337,-0.7416676992340044,,,,,,,,,,
2026-04-23 08:22:23.814503,5080.0,0.9772913476863612,0.7230803327167097,,,,,,,,,,
2026-04-23 08:22:24.314927,3308.5,0.7998502789578198,-0.6249152170814329,,,,,,,,,,
2026-04-23 08:22:24.314996,5080.5,0.7609977150433145,0.6123578485389393,,,,,,,,,,
2026-04-23 08:22:24.815330,3309.0,0.7985571344170351,-0.5414255047284251,,,,,,,,,,
2026-04-23 08:22:24.815330,5081.0,0.8843642110334449,0.5091739471768059,,,,,,,,,,
2026-04-23 08:22:25.315664,5081.5,0.9400234158592576,0.3881789558549583,,,,,,,,,,
2026-04-23 08:22:25.315752,3309.5,0.9215906868470504,-0.4447515137526727,,,,,,,,,,
2026-04-23 08:22:25.816012,3310.0,0.6851635308112897,-0.3223312357954253,,,,,,,,,,
2026-04-23 08:22:25.816012,5082.0,0.5361012479407641,0.2678058892467904,,,,,,,,,,
2026-04-23 08:22:26.316240,5082.5,0.0750552811070948,0.1464653984765815,,,,,,,,,,
2026-04-23 08:22:26.316272,3310.5,0.1868858288550962,-0.1623921737063748,,,,,,,,,,
2026-04-23 08:22:26.816735,5083.0,0.0017335759164456,0.0452793833881702,,,,,,,,,,
2026-04-23 08:22:26.816776,3311.0,-0.0237463771815918,-0.0512905164835157,,,,,,,,,,
2026-04-23 08:22:27.317167,5083.5,-0.0298438219846988,-0.0922693853193195,,,,,,,,,,
2026-04-23 08:22:27.317167,3311.5,0.0329177624460525,0.0689387494052813,,,,,,,,,,
2026-04-23 08:22:27.817553,3312.0,-0.2122808691842093,0.184630977044833,,,,,,,,,,
2026-04-23 08:22:27.817597,5084.0,-0.3499829897826254,-0.2279700392175358,,,,,,,,,,
2026-04-23 08:22:28.317885,3312.5,-0.7054672220510311,0.289951619897404,,,,,,,,,,
2026-04-23 08:22:28.317901,5084.5,-0.8095771672813883,-0.3546917729751766,,,,,,,,,,
2026-04-23 08:22:28.818266,3313.0,-0.9396165174825262,0.4070436816004263,,,,,,,,,,
2026-04-23 08:22:28.818266,5085.0,-0.9092423002908264,-0.4687358645139787,,,,,,,,,,
2026-04-23 08:22:29.318690,5085.5,-0.7522046740749547,-0.5591703451072209,,,,,,,,,,
2026-04-23 08:22:29.318705,3313.5,-0.8276316668351102,0.5207099769467005,,,,,,,,,,
2026-04-23 08:22:29.819048,3314.0,-0.8236360130096415,0.6607134546394355,,,,,,,,,,
2026-04-23 08:22:29.819049,5086.0,-0.8856994004530767,-0.6596829547697172,,,,,,,,,,
2026-04-23 08:22:30.319499,5086.5,-1.132012886035762,-0.7403012774540072,,,,,,,,,,
2026-04-23 08:22:30.319508,3314.5,-1.0709326343882908,0.705017954545464,,,,,,,,,,
2026-04-23 08:22:30.819877,5087.0,-1.095305107196908,-0.8472121585606361,,,,,,,,,,
2026-04-23 08:22:30.819877,3315.0,-1.1490682109544672,0.7937381376781755,,,,,,,,,,
2026-04-23 08:22:31.320284,3315.5,-0.7921892833788639,0.8989759892643716,,,,,,,,,,
2026-04-23 08:22:31.320296,5087.5,-0.6864489030661566,-0.9094082151114712,,,,,,,,,,
2026-04-23 08:22:31.820605,3316.0,-0.5104012584326405,0.9198873178593232,,,,,,,,,,
2026-04-23 08:22:31.820623,5088.0,-0.4930373805002063,-0.9176156292108532,,,,,,,,,,
2026-04-23 08:22:32.320917,3316.5,-0.5271306529898698,0.9903002146779726,,,,,,,,,,
2026-04-23 08:22:32.320917,5088.5,-0.5460151774815869,-0.9848037716965704,,,,,,,,,,
2026-04-23 08:22:32.821327,5089.0,-0.3587687190131537,-1.001221855308606,,,,,,,,,,
2026-04-23 08:22:32.821327,3317.0,-0.459639595963739,0.9883576291943976,,,,,,,,,,
2026-04-23 08:22:33.321622,3317.5,-0.0199751296539602,1.0020378005955202,,,,,,,,,,
2026-04-23 08:22:33.321622,5089.5,0.1308953077325766,-1.004809515725671,,,,,,,,,,
2026-04-23 08:22:33.822000,5090.0,0.4719906173744405,-0.9732889608788904,,,,,,,,,,
2026-04-23 08:22:33.822000,3318.0,0.4128125657245527,0.9680326834861384,,,,,,,,,,
2026-04-23 08:22:34.322353,5090.5,0.4688516021043012,-0.9817528235783164,,,,,,,,,,
2026-04-23 08:22:34.322353,3318.5,0.4998146767663188,0.9792549690005034,,,,,,,,,,
2026-04-23 08:22:34.822690,3319.0,0.489354248626012,0.927522300523588,,,,,,,,,,
2026-04-23 08:22:34.822690,5091.0,0.5191705743899525,-0.9192287513959498,,,,,,,,,,
2026-04-23 08:22:35.323076,5091.5,0.8659981024971999,-0.8514984193066644,,,,,,,,,,
2026-04-23 08:22:35.323076,3319.5,0.7617382503028721,0.8812327141567741,,,,,,,,,,
2026-04-23 08:22:35.823439,5092.0,1.1469962350657208,-0.8133652620654312,,,,,,,,,,
2026-04-23 08:22:35.823491,3320.0,1.14202149111421,0.8234897456202981,,,,,,,,,,
2026-04-23 08:22:36.323967,3320.5,1.0936348316936928,0.7224814713905321,,,,,,,,,,
2026-04-23 08:22:36.323969,5092.5,1.0239462557868986,-0.7062202945047317,,,,,,,,,,
2026-04-23 08:22:36.824505,5093.0,0.7489324139805567,-0.5933120477588836,,,,,,,,,,
2026-04-23 08:22:36.824505,3321.0,0.8383264858243371,0.6463847055635779,,,,,,,,,,
2026-04-23 08:22:37.324855,3321.5,0.7804069894267907,0.5526236327212649,,,,,,,,,,
2026-04-23 08:22:37.324855,5093.5,0.8308990257591667,-0.5046570260981691,,,,,,,,,,
2026-04-23 08:22:37.825190,3322.0,0.9368747442746956,0.417699123132974,,,,,,,,,,
2026-04-23 08:22:37.825190,5094.0,0.951466251544873,-0.3897001287935828,,,,,,,,,,
2026-04-23 08:22:38.325546,3322.5,0.7628934445022258,0.3123153506362189,,,,,,,,,,
2026-04-23 08:22:38.325565,5094.5,0.6084523808305282,-0.2694721018968449,,,,,,,,,,
2026-04-23 08:22:38.825880,5095.0,0.1507616293547603,-0.1686775166988618,,,,,,,,,,
2026-04-23 08:22:38.825891,3323.0,0.2623468495265345,0.2124151241096336,,,,,,,,,,
2026-04-23 08:22:39.326193,3323.5,0.0170793361397343,0.0789573495225015,,,,,,,,,,
2026-04-23 08:22:39.326309,5095.5,-0.0080856033288471,-0.0245662204135153,,,,,,,,,,
2026-04-23 08:22:39.826546,3324.0,0.0279192420291257,-0.0591987815252525,,,,,,,,,,
2026-04-23 08:22:39.826665,5096.0,0.0064168868093604,0.0770335911187612,,,,,,,,,,
2026-04-23 08:22:40.326911,3324.5,-0.1480489440413261,-0.1632696745210791,,,,,,,,,,
2026-04-23 08:22:40.326970,5096.5,-0.2833444888699236,0.2114328441331001,,,,,,,,,,
2026-04-23 08:22:40.827207,3325.0,-0.6563550168587146,-0.2709698727753121,,,,,,,,,,
2026-04-23 08:22:40.827247,5097.0,-0.7760966330289211,0.3365693101652609,,,,,,,,,,
2026-04-23 08:22:41.327600,3325.5,-0.9326166097730422,-0.4308119960941068,,,,,,,,,,
2026-04-23 08:22:41.327600,5097.5,-0.9353073775226968,0.4369769318003215,,,,,,,,,,
2026-04-23 08:22:41.827909,3326.0,-0.8178779896849875,-0.5339882974870775,,,,,,,,,,
2026-04-23 08:22:41.827973,5098.0,-0.7843422805584717,0.5488538555436843,,,,,,,,,,
2026-04-23 08:22:42.328330,3326.5,-0.7731474008505606,-0.6399044877494722,,,,,,,,,,
2026-04-23 08:22:42.328321,5098.5,-0.8109069923371102,0.6575636074978646,,,,,,,,,,
2026-04-23 08:22:42.828726,3327.0,-1.0248320426729405,-0.7221354729581126,,,,,,,,,,
2026-04-23 08:22:42.828736,5099.0,-1.0905563145866544,0.7408666926398009,,,,,,,,,,
2026-04-23 08:22:43.329094,5099.5,-1.1163902476964749,0.8205187081040248,,,,,,,,,,
2026-04-23 08:22:43.329094,3327.5,-1.174542151913814,-0.7982143109201334,,,,,,,,,,
2026-04-23 08:22:43.829427,5100.0,-0.7591860668068261,0.8685789684421271,,,,,,,,,,
2026-04-23 08:22:43.829449,3328.0,-0.8855597992400716,-0.8668272956399439,,,,,,,,,,
2026-04-23 08:22:44.329747,3328.5,-0.5116999566657771,-0.9414213258093512,,,,,,,,,,
2026-04-23 08:22:44.329747,5100.5,-0.4793243476369164,0.9206566465107672,,,,,,,,,,
2026-04-23 08:22:44.830126,3329.0,-0.4940791704444004,-0.96682501271843,,,,,,,,,,
2026-04-23 08:22:44.830175,5101.0,-0.5244165086459026,0.9908289350409724,,,,,,,,,,
2026-04-23 08:22:45.330446,3329.5,-0.4725384851186761,-0.999004584442904,,,,,,,,,,
2026-04-23 08:22:45.330447,5101.5,-0.424194704725561,0.9753066083009296,,,,,,,,,,
2026-04-23 08:22:45.831156,3330.0,-0.0999027542816188,-0.9795497507633544,,,,,,,,,,
2026-04-23 08:22:45.831157,5102.0,0.0718440092889637,0.9993467055341992,,,,,,,,,,
2026-04-23 08:22:46.331792,5102.5,0.4693362437538559,0.993926373450558,,,,,,,,,,
2026-04-23 08:22:46.331815,3330.5,0.3928564956812427,-1.0008760019735106,,,,,,,,,,
2026-04-23 08:22:46.832149,3331.0,0.5299004022568341,-0.9984125077641016,,,,,,,,,,
2026-04-23 08:22:46.832197,5103.0,0.5194781393392166,0.9709412833604844,,,,,,,,,,
2026-04-23 08:22:47.332489,3331.5,0.4486686374168069,-0.9142475134460598,,,,,,,,,,
2026-04-23 08:22:47.332489,5103.5,0.4869326341433838,0.9210971092906958,,,,,,,,,,
2026-04-23 08:22:47.832817,3332.0,0.7035741096820911,-0.8742530287612243,,,,,,,,,,
2026-04-23 08:22:47.832817,5104.0,0.8366084254649417,0.8794717533208876,,,,,,,,,,
2026-04-23 08:22:48.333140,5104.5,1.1457998743229545,0.7966029959479297,,,,,,,,,,
2026-04-23 08:22:48.333140,3332.5,1.0766896448651682,-0.8237174085664279,,,,,,,,,,
2026-04-23 08:22:48.833459,5105.0,1.0477084617029608,0.7380093572141141,,,,,,,,,,
2026-04-23 08:22:48.833459,3333.0,1.1435572477038207,-0.7492739408114264,,,,,,,,,,
2026-04-23 08:22:49.333752,3333.5,0.8364191168137569,-0.6602103706111164,,,,,,,,,,
2026-04-23 08:22:49.333752,5105.5,0.8059481741183354,0.6182446647601176,,,,,,,,,,
2026-04-23 08:22:49.834050,3334.0,0.7812409812219868,-0.5487934647791393,,,,,,,,,,
2026-04-23 08:22:49.834057,5106.0,0.800421926665815,0.5207196969280367,,,,,,,,,,
2026-04-23 08:22:50.334424,5106.5,0.9506278891070448,0.4103622908663693,,,,,,,,,,
2026-04-23 08:22:50.334447,3334.5,0.9526543975699407,-0.4374568529338325,,,,,,,,,,
2026-04-23 08:22:50.834784,3335.0,0.7753976836465696,-0.3120895226914995,,,,,,,,,,
2026-04-23 08:22:50.834784,5107.0,0.6672451461803404,0.3186844666537734,,,,,,,,,,
2026-04-23 08:22:51.335157,3335.5,0.3067065519742095,-0.1990221926373045,,,,,,,,,,
2026-04-23 08:22:51.335179,5107.5,0.1879076934353051,0.1942082455079102,,,,,,,,,,
2026-04-23 08:22:51.835573,5108.0,-0.0148003433558511,0.078534291799393,,,,,,,,,,
2026-04-23 08:22:51.835573,3336.0,0.0109009794830607,-0.0787659724902632,,,,,,,,,,
2026-04-23 08:22:52.335911,3336.5,-0.0024029290815476,0.0389069608895292,,,,,,,,,,
2026-04-23 08:22:52.335911,5108.5,-0.000719937596793,-0.0922383781976659,,,,,,,,,,
2026-04-23 08:22:52.836341,5109.0,-0.2488570495406081,-0.1964950645118728,,,,,,,,,,
2026-04-23 08:22:52.836341,3337.0,-0.1195752172747044,0.1526977630753498,,,,,,,,,,
2026-04-23 08:22:53.336775,5109.5,-0.7238617582123419,-0.3334448883406016,,,,,,,,,,
2026-04-23 08:22:53.336794,3337.5,-0.5644248404855385,0.2827155667204005,,,,,,,,,,
2026-04-23 08:22:53.837125,3338.0,-0.9067837844418672,0.3767043382815138,,,,,,,,,,
2026-04-23 08:22:53.837124,5110.0,-0.9152546062367812,-0.4255701325344626,,,,,,,,,,
2026-04-23 08:22:54.337525,5110.5,-0.8206368361761911,-0.5547544416367868,,,,,,,,,,
2026-04-23 08:22:54.337525,3338.5,-0.8363509407021897,0.5290737336461896,,,,,,,,,,
2026-04-23 08:22:54.837853,3339.0,-0.7696141872088774,0.6185797431379234,,,,,,,,,,
2026-04-23 08:22:54.837854,5111.0,-0.8219910557991628,-0.6334765002679779,,,,,,,,,,
2026-04-23 08:22:55.338633,3339.5,-0.982574156648139,0.6877356114714566,,,,,,,,,,
2026-04-23 08:22:55.338672,5111.5,-1.0688833998625686,-0.7365135329776585,,,,,,,,,,
2026-04-23 08:22:55.839184,3340.0,-1.162420597389606,0.8057792650074334,,,,,,,,,,
2026-04-23 08:22:55.839184,5112.0,-1.142640086510833,-0.8060629956373916,,,,,,,,,,
2026-04-23 08:22:56.339568,5112.5,-0.7893433323107031,-0.8625454551514764,,,,,,,,,,
2026-04-23 08:22:56.339568,3340.5,-0.9378554845633964,0.8502509626575078,,,,,,,,,,
2026-04-23 08:22:56.839953,5113.0,-0.4903359567196605,-0.9495049796266763,,,,,,,,,,
2026-04-23 08:22:56.839953,3341.0,-0.5448726492996379,0.8990681355861152,,,,,,,,,,
2026-04-23 08:22:57.340452,5113.5,-0.4906008278203744,-0.9894956517675946,,,,,,,,,,
2026-04-23 08:22:57.340453,3341.5,-0.5029102422460248,0.9584482267135602,,,,,,,,,,
2026-04-23 08:22:57.840993,3342.0,-0.4838366557889214,0.9818441150957486,,,,,,,,,,
2026-04-23 08:22:57.841008,5114.0,-0.4501323414622278,-0.9956681986820712,,,,,,,,,,
2026-04-23 08:22:58.341416,5114.5,-0.0366086953773018,-1.0146269289517182,,,,,,,,,,
2026-04-23 08:22:58.341621,3342.5,-0.1683221243147684,0.9794978535625406,,,,,,,,,,
2026-04-23 08:22:58.841833,5115.0,0.4196594628894629,-0.9945117255318726,,,,,,,,,,
2026-04-23 08:22:58.841899,3343.0,0.3238372707419235,1.0147994983407929,,,,,,,,,,
2026-04-23 08:22:59.342227,5115.5,0.5020254832692909,-0.9767409662831426,,,,,,,,,,
2026-04-23 08:22:59.342227,3343.5,0.5240563292490411,0.99459045094204,,,,,,,,,,
2026-04-23 08:22:59.842586,3344.0,0.4558040922988114,0.93633557606705,,,,,,,,,,
2026-04-23 08:22:59.842586,5116.0,0.5007865377914469,-0.9122436791878968,,,,,,,,,,
2026-04-23 08:23:00.343077,3344.5,0.6396147224326855,0.8726994124542516,,,,,,,,,,
2026-04-23 08:23:00.343055,5116.5,0.7943896854676173,-0.8779022387175356,,,,,,,,,,
2026-04-23 08:23:00.843495,3345.0,1.047670371511234,0.823057354161675,,,,,,,,,,
2026-04-23 08:23:00.843503,5117.0,1.1532164095856694,-0.8112030565271576,,,,,,,,,,
2026-04-23 08:23:01.343846,5117.5,1.105998723510085,-0.7556901235238846,,,,,,,,,,
2026-04-23 08:23:01.343846,3345.5,1.1611559641835916,0.747902169821659,,,,,,,,,,
2026-04-23 08:23:01.844219,3346.0,0.8710047609669089,0.6616902833460826,,,,,,,,,,
2026-04-23 08:23:01.844219,5118.0,0.822604555417029,-0.6655466175942126,,,,,,,,,,
2026-04-23 08:23:02.344546,3346.5,0.7782794671364579,0.550196217416359,,,,,,,,,,
2026-04-23 08:23:02.344545,5118.5,0.8112241127912028,-0.5256382262188992,,,,,,,,,,
2026-04-23 08:23:02.844848,3347.0,0.9038113321438036,0.4522917280973337,,,,,,,,,,
2026-04-23 08:23:02.844848,5119.0,0.9401688101468793,-0.4260525665033652,,,,,,,,,,
2026-04-23 08:23:03.345186,5119.5,0.745510869933437,-0.3392180851104016,,,,,,,,,,
2026-04-23 08:23:03.345186,3347.5,0.8642939465971485,0.3487163502475349,,,,,,,,,,
2026-04-23 08:23:03.845610,3348.0,0.3635478628118493,0.2275779888981398,,,,,,,,,,
2026-04-23 08:23:03.845615,5120.0,0.2600521731415234,-0.1977452798563338,,,,,,,,,,
2026-04-23 08:23:04.346016,3348.5,0.0099980965069437,0.1271855535402535,,,,,,,,,,
2026-04-23 08:23:04.346016,5120.5,-0.0090255292207062,-0.0898079512988759,,,,,,,,,,
2026-04-23 08:23:04.846382,3349.0,-0.0070132398118571,0.0002352190534176,,,,,,,,,,
2026-04-23 08:23:04.846382,5121.0,0.0054021519145398,0.0717756874898166,,,,,,,,,,
2026-04-23 08:23:05.346775,3349.5,-0.0993990535477248,-0.1554417982130585,,,,,,,,,,
2026-04-23 08:23:05.346776,5121.5,-0.1918144217375245,0.1858514343262015,,,,,,,,,,
2026-04-23 08:23:05.847153,3350.0,-0.5216451347358255,-0.25764809596308,,,,,,,,,,
2026-04-23 08:23:05.847153,5122.0,-0.6433659891487978,0.2807468173477019,,,,,,,,,,
2026-04-23 08:23:06.347532,5122.5,-0.9182754512045576,0.4308161207393542,,,,,,,,,,
2026-04-23 08:23:06.347527,3350.5,-0.9139825163803964,-0.3587609731051582,,,,,,,,,,
2026-04-23 08:23:06.847893,3351.0,-0.8913742503171355,-0.4784209496657257,,,,,,,,,,
2026-04-23 08:23:06.847893,5123.0,-0.8048701978563357,0.5078051236839782,,,,,,,,,,
2026-04-23 08:23:07.348229,3351.5,-0.7783932266040692,-0.5859481305841981,,,,,,,,,,
2026-04-23 08:23:07.348229,5123.5,-0.7633615471093269,0.602572220054127,,,,,,,,,,
2026-04-23 08:23:07.848580,5124.0,-1.0134314153394597,0.7133182118003599,,,,,,,,,,
2026-04-23 08:23:07.848580,3352.0,-0.937054403726289,-0.6945547265150293,,,,,,,,,,
2026-04-23 08:23:08.348911,3352.5,-1.1695614561573278,-0.7549608440378548,,,,,,,,,,
2026-04-23 08:23:08.348911,5124.5,-1.1769849442999094,0.8233112006531811,,,,,,,,,,
2026-04-23 08:23:08.849205,3353.0,-0.9603566162285062,-0.8605920522725504,,,,,,,,,,
2026-04-23 08:23:08.849205,5125.0,-0.8495810156967553,0.8500560503456072,,,,,,,,,,
2026-04-23 08:23:09.349520,3353.5,-0.5999960096224168,-0.8920339698794132,,,,,,,,,,
2026-04-23 08:23:09.349520,5125.5,-0.5271425170382775,0.9011968084530014,,,,,,,,,,
2026-04-23 08:23:09.849909,5126.0,-0.4920704911288861,0.9401140231088037,,,,,,,,,,
2026-04-23 08:23:09.849908,3354.0,-0.4900671996156339,-0.9558377156730544,,,,,,,,,,
2026-04-23 08:23:10.350334,5126.5,-0.5013646395745718,0.993127278329148,,,,,,,,,,
2026-04-23 08:23:10.350347,3354.5,-0.5274871820081295,-0.9672415241600472,,,,,,,,,,
2026-04-23 08:23:10.850687,5127.0,-0.0925826522781048,1.0190531482133252,,,,,,,,,,
2026-04-23 08:23:10.850723,3355.0,-0.2431692766013953,-0.997256017252473,,,,,,,,,,
2026-04-23 08:23:11.351016,5127.5,0.4172454339978905,1.005735187690748,,,,,,,,,,
2026-04-23 08:23:11.351016,3355.5,0.2901752677187707,-0.9725811773810632,,,,,,,,,,
2026-04-23 08:23:11.851391,5128.0,0.5088885244217997,0.967048645600925,,,,,,,,,,
2026-04-23 08:23:11.851453,3356.0,0.5439066202699225,-0.9667095626704716,,,,,,,,,,
2026-04-23 08:23:12.351791,5128.5,0.4586534174874932,0.9548451498642742,,,,,,,,,,
2026-04-23 08:23:12.351791,3356.5,0.4722931864252302,-0.958131309503851,,,,,,,,,,
2026-04-23 08:23:12.852112,3357.0,0.6199447458582581,-0.8882997659154659,,,,,,,,,,
2026-04-23 08:23:12.852112,5129.0,0.7369112092161167,0.87874238250872,,,,,,,,,,
2026-04-23 08:23:13.352403,3357.5,1.0126866780731176,-0.8339364641213103,,,,,,,,,,
2026-04-23 08:23:13.352404,5129.5,1.0906693847804183,0.834688324956027,,,,,,,,,,
2026-04-23 08:23:13.852724,5130.0,1.0929919338371092,0.7561783908576193,,,,,,,,,,
2026-04-23 08:23:13.852725,3358.0,1.1432703896866756,-0.7512877015625113,,,,,,,,,,
2026-04-23 08:23:14.353063,3358.5,0.919775542181549,-0.6767907180873107,,,,,,,,,,
2026-04-23 08:23:14.353067,5130.5,0.824770337285402,0.6642706342390317,,,,,,,,,,
2026-04-23 08:23:14.853435,3359.0,0.7730749136920094,-0.5843438219418646,,,,,,,,,,
2026-04-23 08:23:14.853490,5131.0,0.774419781369575,0.5556754809652961,,,,,,,,,,
2026-04-23 08:23:15.353760,5131.5,0.9355415910176762,0.4338007638541977,,,,,,,,,,
2026-04-23 08:23:15.353760,3359.5,0.8917808975459751,-0.500078185505943,,,,,,,,,,
2026-04-23 08:23:15.854108,3360.0,0.8561518447509512,-0.3729945741949277,,,,,,,,,,
2026-04-23 08:23:15.854108,5132.0,0.7905798467711947,0.320452671977129,,,,,,,,,,
2026-04-23 08:23:16.354445,5132.5,0.3218470869282872,0.2075401992310876,,,,,,,,,,
2026-04-23 08:23:16.354446,3360.5,0.4577924407712015,-0.2630549266693685,,,,,,,,,,
2026-04-23 08:23:16.854749,3361.0,0.0598204303111571,-0.1304229687689298,,,,,,,,,,
2026-04-23 08:23:16.854749,5133.0,-0.0174397551561055,0.0730955166885221,,,,,,,,,,
2026-04-23 08:23:17.355176,3361.5,-0.0068999031150598,0.0172365420617345,,,,,,,,,,
2026-04-23 08:23:17.355190,5133.5,0.021489407868439,-0.0115957791724524,,,,,,,,,,
2026-04-23 08:23:17.855555,3362.0,-0.0229944501115263,0.145098364344545,,,,,,,,,,
2026-04-23 08:23:17.855555,5134.0,-0.1272968089472441,-0.162799240479837,,,,,,,,,,
2026-04-23 08:23:18.355928,3362.5,-0.4501163161648404,0.2295519371387225,,,,,,,,,,
2026-04-23 08:23:18.355928,5134.5,-0.6032004313485938,-0.2974285658852182,,,,,,,,,,
2026-04-23 08:23:18.856215,3363.0,-0.8886129666376567,0.3802610567357952,,,,,,,,,,
2026-04-23 08:23:18.856215,5135.0,-0.9469507947275224,-0.4214085546883487,,,,,,,,,,
2026-04-23 08:23:19.356588,5135.5,-0.8539977490055274,-0.5244804946388036,,,,,,,,,,
2026-04-23 08:23:19.356587,3363.5,-0.9118680602020556,0.4576477309966342,,,,,,,,,,
2026-04-23 08:23:19.856955,3364.0,-0.78614330579768,0.6055058127602686,,,,,,,,,,
2026-04-23 08:23:19.857045,5136.0,-0.7616877897266647,-0.6127179573471129,,,,,,,,,,
2026-04-23 08:23:20.357291,5136.5,-1.021352077539443,-0.685274809007291,,,,,,,,,,
2026-04-23 08:23:20.357291,3364.5,-0.9125113816003744,0.678225001140836,,,,,,,,,,
2026-04-23 08:23:20.857679,5137.0,-1.1690087404265934,-0.8023123227944955,,,,,,,,,,
2026-04-23 08:23:20.857715,3365.0,-1.165113447816813,0.7748258922156451,,,,,,,,,,
2026-04-23 08:23:21.358034,3365.5,-1.0116503599032376,0.8159869182510668,,,,,,,,,,
2026-04-23 08:23:21.358034,5137.5,-0.9180921070504764,-0.87193694691367,,,,,,,,,,
2026-04-23 08:23:21.858359,3366.0,-0.6286736851629032,0.9153555169305426,,,,,,,,,,
2026-04-23 08:23:21.858359,5138.0,-0.5362270406697957,-0.9267587229462122,,,,,,,,,,
2026-04-23 08:23:22.358697,5138.5,-0.4872680882181255,-0.9466367362715687,,,,,,,,,,
2026-04-23 08:23:22.358697,3366.5,-0.4689505847775426,0.94219043900489,,,,,,,,,,
2026-04-23 08:23:22.858981,3367.0,-0.5476285408392956,0.957732174385204,,,,,,,,,,
2026-04-23 08:23:22.858981,5139.0,-0.5085606956420557,-0.994500619970228,,,,,,,,,,
2026-04-23 08:23:23.359324,3367.5,-0.2952584275862586,0.9798450210059316,,,,,,,,,,
2026-04-23 08:23:23.359366,5139.5,-0.1735955874964584,-0.9869810695123266,,,,,,,,,,
2026-04-23 08:23:23.859672,3368.0,0.2012826677787957,1.0124128817525162,,,,,,,,,,
2026-04-23 08:23:23.859697,5140.0,0.3292065135408009,-0.9858492177598392,,,,,,,,,,
2026-04-23 08:23:24.359957,5140.5,0.5201434775860856,-0.9793151556442204,,,,,,,,,,
2026-04-23 08:23:24.359962,3368.5,0.5186453880359762,0.9666673547421404,,,,,,,,,,
2026-04-23 08:23:24.860285,3369.0,0.4874695173879583,0.9390154931483168,,,,,,,,,,
2026-04-23 08:23:24.860285,5141.0,0.4905461406960885,-0.937038260442282,,,,,,,,,,
2026-04-23 08:23:25.360686,3369.5,0.5496421592908579,0.903795180143223,,,,,,,,,,
2026-04-23 08:23:25.360686,5141.5,0.643216580728368,-0.9028356680582534,,,,,,,,,,
2026-04-23 08:23:25.861060,3370.0,0.9557751061023764,0.8704139926749462,,,,,,,,,,
2026-04-23 08:23:25.861111,5142.0,1.059184887216278,-0.8388169252494897,,,,,,,,,,
2026-04-23 08:23:26.361411,3370.5,1.1653310884171626,0.770812616149048,,,,,,,,,,
2026-04-23 08:23:26.361412,5142.5,1.1335792039828776,-0.7471054117364663,,,,,,,,,,
2026-04-23 08:23:26.861714,3371.0,0.9543554133059066,0.6900921566616893,,,,,,,,,,
2026-04-23 08:23:26.861714,5143.0,0.8591705548467538,-0.6818559800661305,,,,,,,,,,
2026-04-23 08:23:27.362021,3371.5,0.7785846386185018,0.5999715876750322,,,,,,,,,,
2026-04-23 08:23:27.362021,5143.5,0.7502693947272446,-0.5538796363786578,,,,,,,,,,
2026-04-23 08:23:27.862338,3372.0,0.8898072640533106,0.5106697456174293,,,,,,,,,,
2026-04-23 08:23:27.862339,5144.0,0.9091279762508198,-0.4884275528115596,,,,,,,,,,
2026-04-23 08:23:28.362616,5144.5,0.838199696402308,-0.3503185819299285,,,,,,,,,,
2026-04-23 08:23:28.362631,3372.5,0.9163408988211216,0.3748386901524986,,,,,,,,,,
2026-04-23 08:23:28.862929,3373.0,0.5412096828789023,0.2875427765217467,,,,,,,,,,
2026-04-23 08:23:28.862930,5145.0,0.3701863728940999,-0.2277395754888158,,,,,,,,,,
2026-04-23 08:23:29.363219,3373.5,0.0811981967774087,0.165520573057177,,,,,,,,,,
2026-04-23 08:23:29.363219,5145.5,0.007022128139264,-0.103619156775819,,,,,,,,,,
2026-04-23 08:23:29.863642,3374.0,0.0130119675917348,0.0419269767427701,,,,,,,,,,
2026-04-23 08:23:29.863642,5146.0,0.0316825369482154,0.040892037790772,,,,,,,,,,
2026-04-23 08:23:30.363999,3374.5,-0.0406217868592682,-0.0886254140017863,,,,,,,,,,
2026-04-23 08:23:30.363999,5146.5,-0.0647951326720946,0.1176190381150655,,,,,,,,,,
2026-04-23 08:23:30.864393,5147.0,-0.5377034005193815,0.2855853281350756,,,,,,,,,,
2026-04-23 08:23:30.864394,3375.0,-0.3658906498265383,-0.2233623600189036,,,,,,,,,,
2026-04-23 08:23:31.364745,5147.5,-0.9214928456583846,0.3705821894744471,,,,,,,,,,
2026-04-23 08:23:31.364799,3375.5,-0.8303979464134634,-0.3733255072971347,,,,,,,,,,
2026-04-23 08:23:31.865060,3376.0,-0.9370351355864108,-0.4469446360334992,,,,,,,,,,
2026-04-23 08:23:31.865061,5148.0,-0.8804426339084896,0.5191806202321,,,,,,,,,,
2026-04-23 08:23:32.365359,3376.5,-0.7790148466276784,-0.568515420995854,,,,,,,,,,
2026-04-23 08:23:32.365370,5148.5,-0.7791537238806724,0.5845358564288701,,,,,,,,,,
2026-04-23 08:23:32.865654,5149.0,-0.9406506959301536,0.6941033903121314,,,,,,,,,,
2026-04-23 08:23:32.865653,3377.0,-0.8606886626758099,-0.6817961039538013,,,,,,,,,,
2026-04-23 08:23:33.365971,5149.5,-1.16572874256683,0.759600374147367,,,,,,,,,,
2026-04-23 08:23:33.366402,3377.5,-1.1580032696979894,-0.7514580162697804,,,,,,,,,,
2026-04-23 08:23:33.866336,5150.0,-0.9878044707041436,0.8418515715478629,,,,,,,,,,
2026-04-23 08:23:33.866848,3378.0,-1.0602143820761474,-0.8147888167741324,,,,,,,,,,
2026-04-23 08:23:34.366695,5150.5,-0.5799652073298723,0.9096270444754204,,,,,,,,,,
2026-04-23 08:23:34.367259,3378.5,-0.6877613379704208,-0.91880457267568,,,,,,,,,,
2026-04-23 08:23:34.867018,5151.0,-0.4953469459971539,0.9383888101184392,,,,,,,,,,
2026-04-23 08:23:34.867530,3379.0,-0.4771328550352149,-0.9261984986618904,,,,,,,,,,
2026-04-23 08:23:35.367369,5151.5,-0.5010100528366849,0.9843203378023596,,,,,,,,,,
2026-04-23 08:23:35.367771,3379.5,-0.5224611583396991,-0.9806241185492732,,,,,,,,,,
2026-04-23 08:23:35.867751,5152.0,-0.2490578537235045,0.9824297992607024,,,,,,,,,,
2026-04-23 08:23:35.868074,3380.0,-0.3635008482500824,-0.9749229909599056,,,,,,,,,,
2026-04-23 08:23:36.368084,5152.5,0.2980784983212512,1.0070275042452312,,,,,,,,,,
2026-04-23 08:23:36.368368,3380.5,0.1727570161972751,-1.019233098190527,,,,,,,,,,
2026-04-23 08:23:36.868361,5153.0,0.5023779989130575,0.9948478489309808,,,,,,,,,,
2026-04-23 08:23:36.868584,3381.0,0.5137475840306418,-0.9987208949849165,,,,,,,,,,
2026-04-23 08:23:37.368732,5153.5,0.4550522645183404,0.940306839019367,,,,,,,,,,
2026-04-23 08:23:37.368830,3381.5,0.4901200351702937,-0.9732839068492298,,,,,,,,,,
2026-04-23 08:23:37.869087,5154.0,0.6330501398371512,0.9038278100975716,,,,,,,,,,
2026-04-23 08:23:37.869130,3382.0,0.5142350746422623,-0.9047317771842116,,,,,,,,,,
2026-04-23 08:23:38.369382,3382.5,0.8906786309576731,-0.8544354224737842,,,,,,,,,,
2026-04-23 08:23:38.369437,5154.5,1.0305294519332722,0.8598444546574537,,,,,,,,,,
2026-04-23 08:23:38.869704,5155.0,1.1375331303528506,0.7432573543039095,,,,,,,,,,
2026-04-23 08:23:38.869704,3383.0,1.1555133984365191,-0.7974103899428302,,,,,,,,,,
2026-04-23 08:23:39.370010,3383.5,0.9864837927043772,-0.7227790990378696,,,,,,,,,,
2026-04-23 08:23:39.370010,5155.5,0.927555894456871,0.6735640559805591,,,,,,,,,,
2026-04-23 08:23:39.870342,3384.0,0.7828109173401367,-0.6200400962717353,,,,,,,,,,
2026-04-23 08:23:39.870342,5156.0,0.7742897630553094,0.6072434059983642,,,,,,,,,,
2026-04-23 08:23:40.370683,3384.5,0.8718106765185231,-0.5078211034009054,,,,,,,,,,
2026-04-23 08:23:40.370707,5156.5,0.9000158402326416,0.458416709490981,,,,,,,,,,
2026-04-23 08:23:40.870979,5157.0,0.86056650642633,0.386918910871478,,,,,,,,,,
2026-04-23 08:23:40.870979,3385.0,0.9142895857734304,-0.3917695423978699,,,,,,,,,,
2026-04-23 08:23:41.371311,3385.5,0.5993727045229902,-0.2837211992633003,,,,,,,,,,
2026-04-23 08:23:41.371311,5157.5,0.4502672209700165,0.2711806723692392,,,,,,,,,,
2026-04-23 08:23:41.871646,5158.0,0.0563434160542821,0.1218069652108941,,,,,,,,,,
2026-04-23 08:23:41.871646,3386.0,0.1090220609651024,-0.175934514877649,,,,,,,,,,
2026-04-23 08:23:42.372020,3386.5,-0.0063703394743073,-0.02315719404437,,,,,,,,,,
2026-04-23 08:23:42.372019,5158.5,-0.0089614464482742,-0.0076094841708664,,,,,,,,,,
2026-04-23 08:23:42.872312,3387.0,0.0211105181551093,0.0812172977946771,,,,,,,,,,
2026-04-23 08:23:42.872312,5159.0,-0.0552245541095307,-0.1304630149909611,,,,,,,,,,
2026-04-23 08:23:43.372633,5159.5,-0.4380113984015624,-0.262148051754467,,,,,,,,,,
2026-04-23 08:23:43.372633,3387.5,-0.3074982884855823,0.2195907147213428,,,,,,,,,,
2026-04-23 08:23:43.872969,3388.0,-0.7938255538712,0.3403458509659018,,,,,,,,,,
2026-04-23 08:23:43.872969,5160.0,-0.8704834528945834,-0.3559235001539483,,,,,,,,,,
2026-04-23 08:23:44.373301,3388.5,-0.9315838958219108,0.4396261140985686,,,,,,,,,,
2026-04-23 08:23:44.373301,5160.5,-0.9149000778853904,-0.4990816002430698,,,,,,,,,,
2026-04-23 08:23:44.873619,5161.0,-0.745458600823462,-0.5642029255519109,,,,,,,,,,
2026-04-23 08:23:44.873619,3389.0,-0.7748505241083757,0.5366688189221921,,,,,,,,,,
2026-04-23 08:23:45.373975,3389.5,-0.8404641261776513,0.6460233666396085,,,,,,,,,,
2026-04-23 08:23:45.373975,5161.5,-0.893595550542865,-0.684142500134942,,,,,,,,,,
2026-04-23 08:23:45.874252,3390.0,-1.1165533660092768,0.7504039659914087,,,,,,,,,,
2026-04-23 08:23:45.874260,5162.0,-1.1799536253692986,-0.7662112716956918,,,,,,,,,,
2026-04-23 08:23:46.374595,3390.5,-1.1080434885747552,0.8323236598968207,,,,,,,,,,
2026-04-23 08:23:46.374645,5162.5,-1.019759060230665,-0.821009530122554,,,,,,,,,,
2026-04-23 08:23:46.874888,3391.0,-0.7129043237731743,0.8983605668754141,,,,,,,,,,
2026-04-23 08:23:46.874888,5163.0,-0.601868360414329,-0.8868139503692326,,,,,,,,,,
2026-04-23 08:23:47.375159,3391.5,-0.4776211482697199,0.950622389413276,,,,,,,,,,
2026-04-23 08:23:47.375159,5163.5,-0.4684034872334454,-0.9578468475991117,,,,,,,,,,
2026-04-23 08:23:47.875499,3392.0,-0.5090501147456478,0.9546607576489432,,,,,,,,,,
2026-04-23 08:23:47.875541,5164.0,-0.540474613731388,-0.9594787859711658,,,,,,,,,,
2026-04-23 08:23:48.375842,3392.5,-0.4233056021334167,0.9774020780219074,,,,,,,,,,
2026-04-23 08:23:48.375842,5164.5,-0.2873561517605177,-1.0206619213982806,,,,,,,,,,
2026-04-23 08:23:48.876201,3393.0,0.0828633463825663,1.0106579843806531,,,,,,,,,,
2026-04-23 08:23:48.876214,5165.0,0.2150905834349807,-0.978628990929761,,,,,,,,,,
2026-04-23 08:23:49.376537,3393.5,0.467933895690945,1.0033547751402467,,,,,,,,,,
2026-04-23 08:23:49.376537,5165.5,0.5051493145624231,-0.9631271832601956,,,,,,,,,,
2026-04-23 08:23:49.876866,3394.0,0.5045176098575811,0.9828138349720208,,,,,,,,,,
2026-04-23 08:23:49.876927,5166.0,0.4690577143322769,-0.9690400947885544,,,,,,,,,,
2026-04-23 08:23:50.377199,3394.5,0.5036302372344648,0.947424332877841,,,,,,,,,,
2026-04-23 08:23:50.377224,5166.5,0.5872732109164698,-0.9133520462835286,,,,,,,,,,
2026-04-23 08:23:50.877498,3395.0,0.8564349745143601,0.8734951571056286,,,,,,,,,,
2026-04-23 08:23:50.877498,5167.0,0.9545528889883442,-0.8450891133481634,,,,,,,,,,
2026-04-23 08:23:51.377950,5167.5,1.1687845420072611,-0.7750409497191144,,,,,,,,,,
2026-04-23 08:23:51.377938,3395.5,1.1669903252951397,0.8176060930199822,,,,,,,,,,
2026-04-23 08:23:51.878328,5168.0,0.96685345253723,-0.71300064388714,,,,,,,,,,
2026-04-23 08:23:51.878336,3396.0,1.0304304094559764,0.7292800953621449,,,,,,,,,,
2026-04-23 08:23:52.378687,5168.5,0.7830884397631083,-0.5878500978796362,,,,,,,,,,
2026-04-23 08:23:52.378687,3396.5,0.7631867901603272,0.6090101479064849,,,,,,,,,,
2026-04-23 08:23:52.879074,3397.0,0.8378153077637455,0.5111913367016594,,,,,,,,,,
2026-04-23 08:23:52.879135,5169.0,0.8744232121457223,-0.4883581512752523,,,,,,,,,,
2026-04-23 08:23:53.379548,3397.5,0.9278807398756616,0.432125815555504,,,,,,,,,,
2026-04-23 08:23:53.379548,5169.5,0.9066269555924892,-0.3801061987093626,,,,,,,,,,
2026-04-23 08:23:53.879861,5170.0,0.4947509772605503,-0.2532422818825425,,,,,,,,,,
2026-04-23 08:23:53.879861,3398.0,0.6773772816597227,0.3018943427345462,,,,,,,,,,
2026-04-23 08:23:54.380161,3398.5,0.1832593662816517,0.1684014912345706,,,,,,,,,,
2026-04-23 08:23:54.380161,5170.5,0.0872998932964983,-0.1257048835491472,,,,,,,,,,
2026-04-23 08:23:54.880498,5171.0,-0.0123682216873188,-0.0302004289238194,,,,,,,,,,
2026-04-23 08:23:54.880513,3399.0,-0.0212031634486493,0.072102723714816,,,,,,,,,,
2026-04-23 08:23:55.380827,3399.5,0.0048809580731838,-0.0934322850161394,,,,,,,,,,
2026-04-23 08:23:55.380841,5171.5,-0.0134259948977011,0.0970120564342138,,,,,,,,,,
2026-04-23 08:23:55.881160,3400.0,-0.2756154025231955,-0.1855253800091292,,,,,,,,,,
2026-04-23 08:23:55.881160,5172.0,-0.3671928540571785,0.2093474709892212,,,,,,,,,,
2026-04-23 08:23:56.381548,3400.5,-0.7234060136105736,-0.3229202625518858,,,,,,,,,,
2026-04-23 08:23:56.381548,5172.5,-0.8568679282084045,0.3584188247541672,,,,,,,,,,
2026-04-23 08:23:56.881891,5173.0,-0.9141852301054048,0.4593505932507483,,,,,,,,,,
2026-04-23 08:23:56.881891,3401.0,-0.9358040894458148,-0.4222232578080901,,,,,,,,,,
2026-04-23 08:23:57.382201,3401.5,-0.7884573840973625,-0.5323309909369985,,,,,,,,,,
2026-04-23 08:23:57.382201,5173.5,-0.7836900822226905,0.5520714723484046,,,,,,,,,,
2026-04-23 08:23:57.882510,3402.0,-0.833260042219,-0.6611371402861373,,,,,,,,,,
2026-04-23 08:23:57.882510,5174.0,-0.8811724424976417,0.6716212853333293,,,,,,,,,,
2026-04-23 08:23:58.382931,5174.5,-1.1363825611467646,0.762114793582334,,,,,,,,,,
2026-04-23 08:23:58.382932,3402.5,-1.0700748077158964,-0.7227325505647668,,,,,,,,,,
2026-04-23 08:23:58.883247,3403.0,-1.140475227014094,-0.7906863500930098,,,,,,,,,,
2026-04-23 08:23:58.883248,5175.0,-1.078215091639617,0.8290770757554512,,,,,,,,,,
2026-04-23 08:23:59.383700,3403.5,-0.772526714537209,-0.8601133434838053,,,,,,,,,,
2026-04-23 08:23:59.383718,5175.5,-0.638669732535516,0.8977121384412193,,,,,,,,,,
2026-04-23 08:23:59.884087,3404.0,-0.5070725252170081,-0.9270090360960612,,,,,,,,,,
2026-04-23 08:23:59.884151,5176.0,-0.4442411757404003,0.932642965696799,,,,,,,,,,
2026-04-23 08:24:00.384472,5176.5,-0.5060406821202627,0.9720944766262308,,,,,,,,,,
2026-04-23 08:24:00.384472,3404.5,-0.4964285103495288,-0.9474284140924094,,,,,,,,,,
2026-04-23 08:24:00.884807,3405.0,-0.432634762610849,-0.9948914999739152,,,,,,,,,,
2026-04-23 08:24:00.884807,5177.0,-0.336923049116865,1.0164414363753402,,,,,,,,,,
2026-04-23 08:24:01.385153,3405.5,0.0093331067891228,-1.0166166892071389,,,,,,,,,,
2026-04-23 08:24:01.385153,5177.5,0.1672154034442749,0.99208626360295,,,,,,,,,,
2026-04-23 08:24:01.885457,3406.0,0.4692609720828929,-0.9926035572090028,,,,,,,,,,
2026-04-23 08:24:01.885458,5178.0,0.4852082501018052,1.0037674101368026,,,,,,,,,,
2026-04-23 08:24:02.385780,3406.5,0.4875090960168132,-0.9869113463493264,,,,,,,,,,
2026-04-23 08:24:02.385845,5178.5,0.4847271302475327,0.9711695860752972,,,,,,,,,,
2026-04-23 08:24:02.886157,3407.0,0.4733106498811374,-0.939183816055227,,,,,,,,,,
2026-04-23 08:24:02.886157,5179.0,0.5584067129367781,0.9319207589499264,,,,,,,,,,
2026-04-23 08:24:03.386491,3407.5,0.7989744814350297,-0.8968557983078035,,,,,,,,,,
2026-04-23 08:24:03.386491,5179.5,0.894261423530033,0.8649404026778447,,,,,,,,,,
2026-04-23 08:24:03.886782,3408.0,1.155562117435727,-0.7945833012646418,,,,,,,,,,
2026-04-23 08:24:03.886782,5180.0,1.1610013041327727,0.7978673635445003,,,,,,,,,,
2026-04-23 08:24:04.387174,5180.5,1.015854913187159,0.6891100313424151,,,,,,,,,,
2026-04-23 08:24:04.387174,3408.5,1.0540665347623055,-0.7235903260036335,,,,,,,,,,
2026-04-23 08:24:04.887557,5181.0,0.7512012692595351,0.6065832791260192,,,,,,,,,,
2026-04-23 08:24:04.887572,3409.0,0.8072762060852736,-0.6504906795026897,,,,,,,,,,
2026-04-23 08:24:05.387895,5181.5,0.8550347294553483,0.4967100150160408,,,,,,,,,,
2026-04-23 08:24:05.387895,3409.5,0.8260996418997082,-0.5265154466036917,,,,,,,,,,
2026-04-23 08:24:05.888276,5182.0,0.9121946205968844,0.4177563876578284,,,,,,,,,,
2026-04-23 08:24:05.888276,3410.0,0.9325670534944496,-0.4217683945739862,,,,,,,,,,
2026-04-23 08:24:06.388613,5182.5,0.5578059244640223,0.291973949994039,,,,,,,,,,
2026-04-23 08:24:06.388751,3410.5,0.6934664566013615,-0.316492546618431,,,,,,,,,,
2026-04-23 08:24:06.889009,5183.0,0.1229386877715035,0.1757460097265302,,,,,,,,,,
2026-04-23 08:24:06.889042,3411.0,0.2263640844262086,-0.1946706372356166,,,,,,,,,,
2026-04-23 08:24:07.389322,3411.5,-0.0117762333538016,-0.086241745675827,,,,,,,,,,
2026-04-23 08:24:07.389322,5183.5,-0.0351200190372398,0.0379475746507547,,,,,,,,,,
2026-04-23 08:24:07.889612,3412.0,0.0238461944900275,0.0717601808146005,,,,,,,,,,
2026-04-23 08:24:07.889617,5184.0,-0.0141700482250107,-0.116391642950871,,,,,,,,,,
2026-04-23 08:24:08.389890,3412.5,-0.183665032639773,0.1856922465451315,,,,,,,,,,
2026-04-23 08:24:08.389901,5184.5,-0.3065055365669069,-0.201720768515022,,,,,,,,,,
2026-04-23 08:24:08.890209,3413.0,-0.7021654378778774,0.2900223470744359,,,,,,,,,,
2026-04-23 08:24:08.890309,5185.0,-0.7740811320827757,-0.3535852334890935,,,,,,,,,,
2026-04-23 08:24:09.390534,3413.5,-0.9520227733292044,0.3994810551291916,,,,,,,,,,
2026-04-23 08:24:09.390579,5185.5,-0.93560434394079,-0.4321682039505187,,,,,,,,,,
2026-04-23 08:24:09.890818,3414.0,-0.800660531814303,0.5423848259234759,,,,,,,,,,
2026-04-23 08:24:09.890841,5186.0,-0.7824240994216678,-0.5781942123445362,,,,,,,,,,
2026-04-23 08:24:10.391164,3414.5,-0.7751719841581294,0.6196203437959205,,,,,,,,,,
2026-04-23 08:24:10.391164,5186.5,-0.8434692534620436,-0.676695436691581,,,,,,,,,,
2026-04-23 08:24:10.891517,3415.0,-1.0532000825924503,0.7237240344390587,,,,,,,,,,
2026-04-23 08:24:10.891529,5187.0,-1.1298366826174036,-0.7278301445613653,,,,,,,,,,
2026-04-23 08:24:11.391875,5187.5,-1.1194058770509552,-0.8211798656582224,,,,,,,,,,
2026-04-23 08:24:11.391875,3415.5,-1.1478342856457615,0.8138494292104419,,,,,,,,,,
2026-04-23 08:24:11.892175,3416.0,-0.8230859357287094,0.853667135943894,,,,,,,,,,
2026-04-23 08:24:11.892175,5188.0,-0.7169177431156057,-0.9005179307037248,,,,,,,,,,
2026-04-23 08:24:12.392598,3416.5,-0.5059091580061956,0.9194251840565768,,,,,,,,,,
2026-04-23 08:24:12.392598,5188.5,-0.4648149193452258,-0.9552718806956572,,,,,,,,,,
2026-04-23 08:24:12.892914,3417.0,-0.5222362959511666,0.9746985268531764,,,,,,,,,,
2026-04-23 08:24:12.892914,5189.0,-0.4946405392306995,-0.981062405098072,,,,,,,,,,
2026-04-23 08:24:13.393236,3417.5,-0.4789021569090113,1.0022496767055311,,,,,,,,,,
2026-04-23 08:24:13.393236,5189.5,-0.3990524334782994,-0.9964232535550428,,,,,,,,,,
2026-04-23 08:24:13.893576,3418.0,-0.0789913736338737,1.0115798784109902,,,,,,,,,,
2026-04-23 08:24:13.893576,5190.0,0.1142846037472971,-1.012594090593263,,,,,,,,,,
2026-04-23 08:24:14.393979,3418.5,0.4074613787542618,0.9828759380942312,,,,,,,,,,
2026-04-23 08:24:14.393979,5190.5,0.4952005923967581,-0.9687009669285302,,,,,,,,,,
2026-04-23 08:24:14.894333,5191.0,0.4765827757485874,-0.9739717851342502,,,,,,,,,,
2026-04-23 08:24:14.894333,3419.0,0.5138745479406097,0.9497031557726532,,,,,,,,,,
2026-04-23 08:24:15.394689,5191.5,0.5052462178974674,-0.9410112736395034,,,,,,,,,,
2026-04-23 08:24:15.394708,3419.5,0.4843913471078438,0.934459503943422,,,,,,,,,,
2026-04-23 08:24:15.895082,5192.0,0.8578490944906692,-0.8589746610869877,,,,,,,,,,
2026-04-23 08:24:15.895107,3420.0,0.7395203016764269,0.8927629088489125,,,,,,,,,,
2026-04-23 08:24:16.395663,3420.5,1.1228549851774892,0.8288349509615497,,,,,,,,,,
2026-04-23 08:24:16.395686,5192.5,1.1466200553489392,-0.7896654751598017,,,,,,,,,,
2026-04-23 08:24:16.896083,5193.0,1.0072319974433852,-0.6918256657375205,,,,,,,,,,
2026-04-23 08:24:16.896121,3421.0,1.086810697285277,0.7354898304846562,,,,,,,,,,
2026-04-23 08:24:17.396419,3421.5,0.8047624057372194,0.6365083582988201,,,,,,,,,,
2026-04-23 08:24:17.396419,5193.5,0.7579791466930201,-0.6449843109707722,,,,,,,,,,
2026-04-23 08:24:17.896750,3422.0,0.8053708540982172,0.5714391599993638,,,,,,,,,,
2026-04-23 08:24:17.896750,5194.0,0.8144158040063899,-0.5167738591967365,,,,,,,,,,
2026-04-23 08:24:18.397080,5194.5,0.9472999007747148,-0.4049339009835753,,,,,,,,,,
2026-04-23 08:24:18.397080,3422.5,0.9380439146891512,0.4293167687957798,,,,,,,,,,
2026-04-23 08:24:18.897386,3423.0,0.7724016629513019,0.3172823653657688,,,,,,,,,,
2026-04-23 08:24:18.897386,5195.0,0.6520904476592333,-0.26924525908385,,,,,,,,,,
2026-04-23 08:24:19.397686,5195.5,0.1524818507021479,-0.1595233424114801,,,,,,,,,,
2026-04-23 08:24:19.397687,3423.5,0.2742884386480239,0.2073153082822184,,,,,,,,,,
2026-04-23 08:24:19.898076,3424.0,0.0168030799382456,0.0950444419082621,,,,,,,,,,
2026-04-23 08:24:19.898076,5196.0,-0.0053863999902813,-0.0285423312579788,,,,,,,,,,
2026-04-23 08:24:20.398451,3424.5,0.0337454619511452,-0.0431282783943248,,,,,,,,,,
2026-04-23 08:24:20.398451,5196.5,-0.0108863395267041,0.0586888190974923,,,,,,,,,,
2026-04-23 08:24:20.898830,3425.0,-0.1447423291817336,-0.145171772513942,,,,,,,,,,
2026-04-23 08:24:20.898834,5197.0,-0.270487591468485,0.1990805624743578,,,,,,,,,,
2026-04-23 08:24:21.399231,3425.5,-0.610033933418201,-0.3112287000833058,,,,,,,,,,
2026-04-23 08:24:21.399246,5197.5,-0.7706622668503456,0.3139075604690521,,,,,,,,,,
2026-04-23 08:24:21.899585,3426.0,-0.9333008974709298,-0.3822903636949737,,,,,,,,,,
2026-04-23 08:24:21.899585,5198.0,-0.9428364358134592,0.4207048020677795,,,,,,,,,,
2026-04-23 08:24:22.400010,3426.5,-0.831193805743721,-0.506552682296521,,,,,,,,,,
2026-04-23 08:24:22.400010,5198.5,-0.8189245710434142,0.542376604525873,,,,,,,,,,
2026-04-23 08:24:22.900383,3427.0,-0.7594778728949093,-0.6015208870415588,,,,,,,,,,
2026-04-23 08:24:22.900391,5199.0,-0.8031609622469448,0.6242384453534887,,,,,,,,,,
2026-04-23 08:24:23.400807,3427.5,-1.0289102405139707,-0.7184609422467412,,,,,,,,,,
2026-04-23 08:24:23.400807,5199.5,-1.0905755850567336,0.7317405586283166,,,,,,,,,,
2026-04-23 08:24:23.901218,5200.0,-1.135904902658293,0.8389658394999115,,,,,,,,,,
2026-04-23 08:24:23.901218,3428.0,-1.1593742428246183,-0.802905205135473,,,,,,,,,,
2026-04-23 08:24:24.401595,3428.5,-0.8776492736944421,-0.8460844779130656,,,,,,,,,,
2026-04-23 08:24:24.401595,5200.5,-0.7701384583312072,0.8867538668565513,,,,,,,,,,
2026-04-23 08:24:24.901945,5201.0,-0.4834816169795325,0.9564781862551284,,,,,,,,,,
2026-04-23 08:24:24.901945,3429.0,-0.5245217562485974,-0.895913280421516,,,,,,,,,,
2026-04-23 08:24:25.402263,3429.5,-0.4751791377407747,-0.9690866554456848,,,,,,,,,,
2026-04-23 08:24:25.402263,5201.5,-0.534526783677288,0.967740512066824,,,,,,,,,,
2026-04-23 08:24:25.902632,3430.0,-0.5140541205123051,-0.9772572806488472,,,,,,,,,,
2026-04-23 08:24:25.902632,5202.0,-0.4306879493817972,0.9784943364486172,,,,,,,,,,
2026-04-23 08:24:26.402971,3430.5,-0.1395383200117802,-0.9947291323463796,,,,,,,,,,
2026-04-23 08:24:26.403023,5202.5,0.0497088888121082,0.9954537034777992,,,,,,,,,,
2026-04-23 08:24:26.903312,5203.0,0.4456086917136476,1.0148841270012503,,,,,,,,,,
2026-04-23 08:24:26.903312,3431.0,0.3867440995790595,-1.0057390130544177,,,,,,,,,,
2026-04-23 08:24:27.403656,5203.5,0.4820161843928511,0.9468436039111714,,,,,,,,,,
2026-04-23 08:24:27.403655,3431.5,0.5045090562541806,-0.9561141794268444,,,,,,,,,,
2026-04-23 08:24:27.903999,3432.0,0.4637215521711231,-0.9180577043292154,,,,,,,,,,
2026-04-23 08:24:27.903999,5204.0,0.5109626204650023,0.92585413445266,,,,,,,,,,
2026-04-23 08:24:28.404290,3432.5,0.6797914996167245,-0.911177820455036,,,,,,,,,,
2026-04-23 08:24:28.404290,5204.5,0.8161097025415429,0.8967779397268224,,,,,,,,,,
2026-04-23 08:24:28.904575,3433.0,1.0559697441788438,-0.8434894780149388,,,,,,,,,,
2026-04-23 08:24:28.904575,5205.0,1.16827800513486,0.8272467594547224,,,,,,,,,,
2026-04-23 08:24:29.404847,3433.5,1.1091928500079993,-0.7614973227712647,,,,,,,,,,
2026-04-23 08:24:29.404847,5205.5,1.0571505611246843,0.739880520359373,,,,,,,,,,
2026-04-23 08:24:29.905184,5206.0,0.7799277035475503,0.6436360748783075,,,,,,,,,,
2026-04-23 08:24:29.905182,3434.0,0.8391320922181931,-0.668371333683416,,,,,,,,,,
2026-04-23 08:24:30.405542,5206.5,0.7925094537884604,0.521441023046777,,,,,,,,,,
2026-04-23 08:24:30.405542,3434.5,0.7739113468851205,-0.5523903104450999,,,,,,,,,,
2026-04-23 08:24:30.905845,5207.0,0.9422702912882904,0.4304731455967472,,,,,,,,,,
2026-04-23 08:24:30.905854,3435.0,0.9072966411428484,-0.4573733730806288,,,,,,,,,,
2026-04-23 08:24:31.406201,5207.5,0.725772822026783,0.3006390200854419,,,,,,,,,,
2026-04-23 08:24:31.406215,3435.5,0.803623651605791,-0.3454867544367593,,,,,,,,,,
2026-04-23 08:24:31.906583,3436.0,0.3369893479871457,-0.2035695064787148,,,,,,,,,,
2026-04-23 08:24:31.906583,5208.0,0.196664956576193,0.210658904225943,,,,,,,,,,
2026-04-23 08:24:32.406904,3436.5,0.0172216117673881,-0.0996764179894488,,,,,,,,,,
2026-04-23 08:24:32.406904,5208.5,0.0099400590005608,0.0594575753738336,,,,,,,,,,
2026-04-23 08:24:32.907248,3437.0,0.0299621619623732,0.0374945950060493,,,,,,,,,,
2026-04-23 08:24:32.907248,5209.0,0.0317535662069239,-0.060507463094088,,,,,,,,,,
2026-04-23 08:24:33.407614,3437.5,-0.0859954290496922,0.1545028178327763,,,,,,,,,,
2026-04-23 08:24:33.407614,5209.5,-0.2075449556938899,-0.1991842566105607,,,,,,,,,,
2026-04-23 08:24:33.907965,5210.0,-0.7018374913481394,-0.3076123281770012,,,,,,,,,,
2026-04-23 08:24:33.907965,3438.0,-0.5301996452158163,0.289716708314636,,,,,,,,,,
2026-04-23 08:24:34.408311,5210.5,-0.9235250589617348,-0.4304440719267234,,,,,,,,,,
2026-04-23 08:24:34.408311,3438.5,-0.90769319665251,0.4058587260376733,,,,,,,,,,
2026-04-23 08:24:34.908601,3439.0,-0.886924704291961,0.5191617748481254,,,,,,,,,,
2026-04-23 08:24:34.908604,5211.0,-0.8350897234468141,-0.5363746686049466,,,,,,,,,,
2026-04-23 08:24:35.408889,3439.5,-0.753740232152686,0.6139840769196062,,,,,,,,,,
2026-04-23 08:24:35.408889,5211.5,-0.8051027840033239,-0.6421898208219728,,,,,,,,,,
2026-04-23 08:24:35.909277,3440.0,-0.9837623334243364,0.7161010394883675,,,,,,,,,,
2026-04-23 08:24:35.909278,5212.0,-1.0471667435306822,-0.7078355471890055,,,,,,,,,,
2026-04-23 08:24:36.409745,3440.5,-1.1601816332134722,0.766302648917132,,,,,,,,,,
2026-04-23 08:24:36.409763,5212.5,-1.1568522650959074,-0.8078040263159479,,,,,,,,,,
2026-04-23 08:24:36.910088,3441.0,-0.925463253156092,0.8447678887081408,,,,,,,,,,
2026-04-23 08:24:36.910157,5213.0,-0.7986103871954798,-0.8757336559457467,,,,,,,,,,
2026-04-23 08:24:37.410435,3441.5,-0.580568950558838,0.9098035615112248,,,,,,,,,,
2026-04-23 08:24:37.410513,5213.5,-0.476652302277682,-0.9208664403107693,,,,,,,,,,
2026-04-23 08:24:37.910816,3442.0,-0.4569902867519846,0.9658907318425298,,,,,,,,,,
2026-04-23 08:24:37.910818,5214.0,-0.5102004636642058,-0.9910928753660492,,,,,,,,,,
2026-04-23 08:24:38.411158,5214.5,-0.4481737918019555,-0.9909769030318608,,,,,,,,,,
2026-04-23 08:24:38.411159,3442.5,-0.5361926675265453,0.965226093280648,,,,,,,,,,
2026-04-23 08:24:38.911518,5215.0,-0.0419777531741335,-1.0176306403027742,,,,,,,,,,
2026-04-23 08:24:38.911517,3443.0,-0.2204863703469964,0.9841966153668208,,,,,,,,,,
2026-04-23 08:24:39.411791,3443.5,0.3327896225019927,0.9737767182244108,,,,,,,,,,
2026-04-23 08:24:39.411791,5215.5,0.4043454718717507,-0.997062696346676,,,,,,,,,,
2026-04-23 08:24:39.912158,3444.0,0.5238780991606998,0.9808291474364388,,,,,,,,,,
2026-04-23 08:24:39.912158,5216.0,0.5151392037287346,-0.9677259733994724,,,,,,,,,,
2026-04-23 08:24:40.412510,5216.5,0.4666700329883142,-0.9100198496792586,,,,,,,,,,
2026-04-23 08:24:40.412510,3444.5,0.4789174206005332,0.928671282678718,,,,,,,,,,
2026-04-23 08:24:40.912805,5217.0,0.7601570106232663,-0.8816279263258623,,,,,,,,,,
2026-04-23 08:24:40.912805,3445.0,0.6438650968689401,0.9181623286026084,,,,,,,,,,
2026-04-23 08:24:41.413127,3445.5,1.0209239331379742,0.8496860754675405,,,,,,,,,,
2026-04-23 08:24:41.413127,5217.5,1.1102079646538938,-0.8122525209660165,,,,,,,,,,
2026-04-23 08:24:41.913571,3446.0,1.1651707017160298,0.768844218800145,,,,,,,,,,
2026-04-23 08:24:41.913612,5218.0,1.0969445542697662,-0.7489523500311197,,,,,,,,,,
2026-04-23 08:24:42.413965,5218.5,0.8449868621245684,-0.6494581367103809,,,,,,,,,,
2026-04-23 08:24:42.413964,3446.5,0.8862096677827694,0.6954290681401839,,,,,,,,,,
2026-04-23 08:24:42.914340,3447.0,0.7519911430735231,0.5996224568541443,,,,,,,,,,
2026-04-23 08:24:42.914340,5219.0,0.782213165181391,-0.5709531701426231,,,,,,,,,,
2026-04-23 08:24:43.414810,5219.5,0.9373195569693996,-0.4190639877822282,,,,,,,,,,
2026-04-23 08:24:43.414841,3447.5,0.9076933908800756,0.4936525601370242,,,,,,,,,,
2026-04-23 08:24:43.915186,5220.0,0.7533402723280791,-0.3449950042039618,,,,,,,,,,
2026-04-23 08:24:43.915186,3448.0,0.8382980527623637,0.3787704733645027,,,,,,,,,,
2026-04-23 08:24:44.415676,5220.5,0.2541710996229779,-0.183002792325079,,,,,,,,,,
2026-04-23 08:24:44.415676,3448.5,0.4399581834207318,0.2342100270786323,,,,,,,,,,
2026-04-23 08:24:44.916070,3449.0,0.0355651599591787,0.0948234616469601,,,,,,,,,,
2026-04-23 08:24:44.916070,5221.0,-0.0047776531554628,-0.0926339844441675,,,,,,,,,,
2026-04-23 08:24:45.416529,5221.5,0.0042769826200666,0.067457339113649,,,,,,,,,,
2026-04-23 08:24:45.416570,3449.5,-0.0067034323682387,-0.0267203983201313,,,,,,,,,,
2026-04-23 08:24:45.916886,3450.0,-0.0763262117588667,-0.1282774583279949,,,,,,,,,,
2026-04-23 08:24:45.916921,5222.0,-0.1422129255260767,0.1851136806326863,,,,,,,,,,
2026-04-23 08:24:46.417205,5222.5,-0.603316633921947,0.2898184000677037,,,,,,,,,,
2026-04-23 08:24:46.417208,3450.5,-0.5066124232488447,-0.2662516420690429,,,,,,,,,,
2026-04-23 08:24:46.917514,3451.0,-0.8761393483330306,-0.3958431100507692,,,,,,,,,,
2026-04-23 08:24:46.917513,5223.0,-0.93463816821414,0.4157355116045151,,,,,,,,,,
2026-04-23 08:24:47.417844,5223.5,-0.8465623214806375,0.5062411908628557,,,,,,,,,,
2026-04-23 08:24:47.417844,3451.5,-0.8843122681815667,-0.4850794484635678,,,,,,,,,,
2026-04-23 08:24:47.918197,3452.0,-0.7555758029458809,-0.570784255205502,,,,,,,,,,
2026-04-23 08:24:47.918197,5224.0,-0.7947548395037607,0.6058863728714813,,,,,,,,,,
2026-04-23 08:24:48.418500,3452.5,-0.9377022585639398,-0.7004740237766268,,,,,,,,,,
2026-04-23 08:24:48.418500,5224.5,-0.998156081780114,0.7158308409987004,,,,,,,,,,
2026-04-23 08:24:48.918849,3453.0,-1.1798214184085432,-0.7513916286034792,,,,,,,,,,
2026-04-23 08:24:48.918962,5225.0,-1.1569124550223038,0.770595708199382,,,,,,,,,,
2026-04-23 08:24:49.419314,3453.5,-0.9827171644210156,-0.8534111415508275,,,,,,,,,,
2026-04-23 08:24:49.419361,5225.5,-0.8904081436513215,0.8526150894263237,,,,,,,,,,
2026-04-23 08:24:49.919741,5226.0,-0.5299012060156642,0.8972278347200563,,,,,,,,,,
2026-04-23 08:24:49.919745,3454.0,-0.589140296219711,-0.8922833807160068,,,,,,,,,,
2026-04-23 08:24:50.420140,5226.5,-0.5097058870835834,0.9519612704831651,,,,,,,,,,
2026-04-23 08:24:50.420140,3454.5,-0.4464774082675889,-0.964228661762369,,,,,,,,,,
2026-04-23 08:24:50.920478,5227.0,-0.4964793031142718,0.9910517370824672,,,,,,,,,,
2026-04-23 08:24:50.920478,3455.0,-0.4983054494543612,-0.9963850184720254,,,,,,,,,,
2026-04-23 08:24:51.420778,3455.5,-0.2406577316937884,-0.9869650966136396,,,,,,,,,,
2026-04-23 08:24:51.420778,5227.5,-0.1275511502724511,1.0168139920586643,,,,,,,,,,
2026-04-23 08:24:51.921084,3456.0,0.2822036807883712,-1.020421200901261,,,,,,,,,,
2026-04-23 08:24:51.921087,5228.0,0.3633838406426213,1.003823402414381,,,,,,,,,,
2026-04-23 08:24:52.421416,3456.5,0.5372794871476737,-0.9949892523122204,,,,,,,,,,
2026-04-23 08:24:52.421447,5228.5,0.5318280884278079,0.9769831184910762,,,,,,,,,,
2026-04-23 08:24:52.921719,3457.0,0.4885872272098253,-0.9605466878138458,,,,,,,,,,
2026-04-23 08:24:52.921727,5229.0,0.4571391062819494,0.9282675843662668,,,,,,,,,,
2026-04-23 08:24:53.422042,3457.5,0.5744944711023967,-0.8949430528676539,,,,,,,,,,
2026-04-23 08:24:53.422043,5229.5,0.6966377901710421,0.8815847958747337,,,,,,,,,,
2026-04-23 08:24:53.922354,3458.0,1.0093130331369513,-0.836770560590336,,,,,,,,,,
2026-04-23 08:24:53.922431,5230.0,1.0906257225815357,0.8168028602527345,,,,,,,,,,
2026-04-23 08:24:54.422653,3458.5,1.1874863778357068,-0.7895086889464358,,,,,,,,,,
2026-04-23 08:24:54.422681,5230.5,1.1216630950175692,0.7741255648131086,,,,,,,,,,
2026-04-23 08:24:54.922993,3459.0,0.9489585602122628,-0.6738655051787833,,,,,,,,,,
2026-04-23 08:24:54.923046,5231.0,0.8619582218149425,0.6767054826989957,,,,,,,,,,
2026-04-23 08:24:55.423306,3459.5,0.7401411598797132,-0.5850869818041535,,,,,,,,,,
2026-04-23 08:24:55.423306,5231.5,0.7943233534074801,0.551911809082872,,,,,,,,,,
2026-04-23 08:24:55.923683,5232.0,0.9374338223658728,0.4529670744463997,,,,,,,,,,
2026-04-23 08:24:55.923683,3460.0,0.8739739221801819,-0.4791564816796673,,,,,,,,,,
2026-04-23 08:24:56.423971,5232.5,0.8091105441590124,0.3522522539650654,,,,,,,,,,
2026-04-23 08:24:56.423971,3460.5,0.9012640075070304,-0.3709383139391992,,,,,,,,,,
2026-04-23 08:24:56.924286,5233.0,0.3196278475047878,0.2315378381264555,,,,,,,,,,
2026-04-23 08:24:56.924285,3461.0,0.4897820036694283,-0.2378612430680491,,,,,,,,,,
2026-04-23 08:24:57.424627,5233.5,0.0036359715231051,0.1209430395406846,,,,,,,,,,
2026-04-23 08:24:57.424627,3461.5,0.0454348741101317,-0.1269841080299756,,,,,,,,,,
2026-04-23 08:24:57.924945,3462.0,0.0115434741405328,-0.0030557747733392,,,,,,,,,,
2026-04-23 08:24:57.924988,5234.0,-0.0126203401750588,-0.0394562449889245,,,,,,,,,,
2026-04-23 08:24:58.425276,3462.5,-0.0164038142734271,0.1170084183703566,,,,,,,,,,
2026-04-23 08:24:58.425276,5234.5,-0.1245632140223312,-0.1710996289544484,,,,,,,,,,
2026-04-23 08:24:58.925589,3463.0,-0.3950540491952536,0.2472941323862154,,,,,,,,,,
2026-04-23 08:24:58.925590,5235.0,-0.5438447281670201,-0.2794090851719023,,,,,,,,,,
2026-04-23 08:24:59.425926,3463.5,-0.8679405191047624,0.3596984741953278,,,,,,,,,,
2026-04-23 08:24:59.425926,5235.5,-0.909214662302656,-0.3893500165255825,,,,,,,,,,
2026-04-23 08:24:59.926223,3464.0,-0.902802168886293,0.4640328772712723,,,,,,,,,,
2026-04-23 08:24:59.926223,5236.0,-0.8771711874214017,-0.5166021234551887,,,,,,,,,,
2026-04-23 08:25:00.426716,5236.5,-0.78632269671514,-0.6057673816676831,,,,,,,,,,
2026-04-23 08:25:00.426887,3464.5,-0.7528764932200473,0.5722537304270943,,,,,,,,,,
2026-04-23 08:25:00.927165,3465.0,-0.886941059203074,0.6890288543876333,,,,,,,,,,
2026-04-23 08:25:00.927210,5237.0,-1.000916799442208,-0.685579359558971,,,,,,,,,,
2026-04-23 08:25:01.427491,3465.5,-1.1345834048719716,0.7808738037970693,,,,,,,,,,
2026-04-23 08:25:01.427492,5237.5,-1.169308272820924,-0.8081493321133076,,,,,,,,,,
2026-04-23 08:25:01.927778,3466.0,-1.0258819629626186,0.8336166734459939,,,,,,,,,,
2026-04-23 08:25:01.927776,5238.0,-0.9188488935413378,-0.8576187843807918,,,,,,,,,,
2026-04-23 08:25:02.428063,3466.5,-0.6349260746967427,0.9104093218584648,,,,,,,,,,
2026-04-23 08:25:02.428063,5238.5,-0.5448310517205869,-0.90341302354237,,,,,,,,,,
2026-04-23 08:25:02.928390,3467.0,-0.443256920871656,0.9637961399201818,,,,,,,,,,
2026-04-23 08:25:02.928398,5239.0,-0.4692653646156191,-0.9619362243724894,,,,,,,,,,
2026-04-23 08:25:03.428793,3467.5,-0.5329039539503334,0.9802036639670242,,,,,,,,,,
2026-04-23 08:25:03.428791,5239.5,-0.5126519983898006,-0.9877705861143782,,,,,,,,,,
2026-04-23 08:25:03.929137,5240.0,-0.1755600379627657,-0.985593392854301,,,,,,,,,,
2026-04-23 08:25:03.929139,3468.0,-0.3451495272839618,0.9723204933854656,,,,,,,,,,
2026-04-23 08:25:04.429455,5240.5,0.3318566019377467,-1.0064587598427557,,,,,,,,,,
2026-04-23 08:25:04.429455,3468.5,0.2192204291102319,0.9998358053501524,,,,,,,,,,
2026-04-23 08:25:04.929809,3469.0,0.4933824293880515,0.9901845930576938,,,,,,,,,,
2026-04-23 08:25:04.929810,5241.0,0.5041176970585766,-0.9844184921948492,,,,,,,,,,
2026-04-23 08:25:05.430169,3469.5,0.4930184750809372,0.93816027947165,,,,,,,,,,
2026-04-23 08:25:05.430169,5241.5,0.4702713517677993,-0.9550922928231116,,,,,,,,,,
2026-04-23 08:25:05.930474,3470.0,0.5406066305157055,0.925818198612968,,,,,,,,,,
2026-04-23 08:25:05.930475,5242.0,0.6408317119176324,-0.9181360820960844,,,,,,,,,,
2026-04-23 08:25:06.430787,5242.5,1.0349525070924566,-0.8517848807513632,,,,,,,,,,
2026-04-23 08:25:06.430787,3470.5,0.9310308585741958,0.8336888322038042,,,,,,,,,,
2026-04-23 08:25:06.931089,3471.0,1.1643477803516078,0.7852568605111138,,,,,,,,,,
2026-04-23 08:25:06.931089,5243.0,1.1352211101476966,-0.7484026973113727,,,,,,,,,,
2026-04-23 08:25:07.431519,3471.5,0.9623021845238704,0.7045584598350056,,,,,,,,,,
2026-04-23 08:25:07.431513,5243.5,0.8937092425150052,-0.6883341765445937,,,,,,,,,,
2026-04-23 08:25:07.931926,5244.0,0.7424776394583739,-0.5577812472951641,,,,,,,,,,
2026-04-23 08:25:07.931926,3472.0,0.7572664232556471,0.5844587440292658,,,,,,,,,,
2026-04-23 08:25:08.432270,5244.5,0.9124768851246848,-0.4870667905298955,,,,,,,,,,
2026-04-23 08:25:08.432272,3472.5,0.8390928806046243,0.4914138212620351,,,,,,,,,,
2026-04-23 08:25:08.932596,3473.0,0.9248535229920514,0.3895346000245672,,,,,,,,,,
2026-04-23 08:25:08.932596,5245.0,0.8487663836913931,-0.3457339801263952,,,,,,,,,,
2026-04-23 08:25:09.432917,5245.5,0.4303874151134681,-0.2551891112781732,,,,,,,,,,
2026-04-23 08:25:09.432910,3473.5,0.5604973007891318,0.251894829662597,,,,,,,,,,
2026-04-23 08:25:09.933215,5246.0,0.015528339785313,-0.1354937201825677,,,,,,,,,,
2026-04-23 08:25:09.933215,3474.0,0.0961582860098296,0.1250469092607062,,,,,,,,,,
2026-04-23 08:25:10.433541,5246.5,0.011012746835854,-0.0051404964254037,,,,,,,,,,
2026-04-23 08:25:10.433541,3474.5,0.0041880228423676,0.0041983173723464,,,,,,,,,,
2026-04-23 08:25:10.933884,3475.0,0.011724569545082,-0.1076728623317853,,,,,,,,,,
2026-04-23 08:25:10.933911,5247.0,-0.0478618208236902,0.1356315650720554,,,,,,,,,,
2026-04-23 08:25:11.434214,3475.5,-0.3456477728758589,-0.2399124291622419,,,,,,,,,,
2026-04-23 08:25:11.434214,5247.5,-0.5098785769920544,0.2701026269462505,,,,,,,,,,
2026-04-23 08:25:11.934516,3476.0,-0.7950058089614865,-0.3512393123977686,,,,,,,,,,
2026-04-23 08:25:11.934516,5248.0,-0.8766688678069646,0.3826167290587571,,,,,,,,,,
2026-04-23 08:25:12.434851,5248.5,-0.870064455848096,0.469676805622078,,,,,,,,,,
2026-04-23 08:25:12.434851,3476.5,-0.918737544872662,-0.4439661544127531,,,,,,,,,,
2026-04-23 08:25:12.935155,3477.0,-0.7545760898996121,-0.5627311968830904,,,,,,,,,,
2026-04-23 08:25:12.935155,5249.0,-0.7407448754149725,0.5912036308387142,,,,,,,,,,
2026-04-23 08:25:13.435571,5249.5,-0.9394696734005408,0.7032920275398362,,,,,,,,,,
2026-04-23 08:25:13.435588,3477.5,-0.8592354482008027,-0.652890589627614,,,,,,,,,,
2026-04-23 08:25:13.935984,5250.0,-1.1865847408140788,0.7653432177970528,,,,,,,,,,
2026-04-23 08:25:13.936043,3478.0,-1.109021242504613,-0.7422699216392181,,,,,,,,,,
2026-04-23 08:25:14.436378,5250.5,-1.0113303905624589,0.8306626407738509,,,,,,,,,,
2026-04-23 08:25:14.436381,3478.5,-1.0608697440547166,-0.8337682340732624,,,,,,,,,,
2026-04-23 08:25:14.936756,5251.0,-0.6020450899377978,0.8892959654207281,,,,,,,,,,
2026-04-23 08:25:14.936756,3479.0,-0.6942966098433705,-0.8674644121026149,,,,,,,,,,
2026-04-23 08:25:15.437114,3479.5,-0.4536620975559762,-0.9282599123190718,,,,,,,,,,
2026-04-23 08:25:15.437129,5251.5,-0.4639688694826323,0.9447332143586118,,,,,,,,,,
2026-04-23 08:25:15.937521,5252.0,-0.5366217906834024,0.9839340137583996,,,,,,,,,,
2026-04-23 08:25:15.937521,3480.0,-0.503870226660889,-0.9545650895563196,,,,,,,,,,
2026-04-23 08:25:16.437823,5252.5,-0.2475307574459464,0.9744082451608036,,,,,,,,,,
2026-04-23 08:25:16.437823,3480.5,-0.3698169289590078,-0.9735029634092652,,,,,,,,,,
2026-04-23 08:25:16.938188,3481.0,0.1396852455647569,-0.9944705259774086,,,,,,,,,,
2026-04-23 08:25:16.938205,5253.0,0.2622166735827875,1.0163661561968471,,,,,,,,,,
2026-04-23 08:25:17.438513,3481.5,0.481725581792529,-0.9694378337903368,,,,,,,,,,
2026-04-23 08:25:17.438513,5253.5,0.53183421587724,0.9730385159407012,,,,,,,,,,
2026-04-23 08:25:17.938891,5254.0,0.462285696040815,0.9381869662081456,,,,,,,,,,
2026-04-23 08:25:17.938869,3482.0,0.4978522850178513,-0.9588198591564124,,,,,,,,,,
2026-04-23 08:25:18.439188,5254.5,0.6120289068793272,0.9081046764713516,,,,,,,,,,
2026-04-23 08:25:18.439211,3482.5,0.5452104787383008,-0.8984284404773593,,,,,,,,,,
2026-04-23 08:25:18.939569,3483.0,0.8778313864435577,-0.8495470574611893,,,,,,,,,,
2026-04-23 08:25:18.939569,5255.0,0.9953966147697022,0.8674840851717526,,,,,,,,,,
2026-04-23 08:25:19.439871,3483.5,1.177102330183045,-0.8071413580148806,,,,,,,,,,
2026-04-23 08:25:19.439871,5255.5,1.18793124721071,0.7500606902110762,,,,,,,,,,
2026-04-23 08:25:19.940195,3484.0,1.0225156166224154,-0.7162937062322778,,,,,,,,,,
2026-04-23 08:25:19.940213,5256.0,0.918415867781329,0.6932515375085961,,,,,,,,,,
2026-04-23 08:25:20.440764,5256.5,0.746348229752054,0.5722588183209438,,,,,,,,,,
2026-04-23 08:25:20.440764,3484.5,0.7810586979493699,-0.6210398788997337,,,,,,,,,,
2026-04-23 08:25:20.941172,3485.0,0.8641020455221641,-0.514698709582956,,,,,,,,,,
2026-04-23 08:25:20.941172,5257.0,0.9010860258734265,0.4746264586881612,,,,,,,,,,
2026-04-23 08:25:21.441529,3485.5,0.9365529658027046,-0.3863982505085068,,,,,,,,,,
2026-04-23 08:25:21.441621,5257.5,0.8952533933618746,0.3936346743744519,,,,,,,,,,
2026-04-23 08:25:21.941916,3486.0,0.6026626685508928,-0.2925800198064384,,,,,,,,,,
2026-04-23 08:25:21.941989,5258.0,0.4579793116914707,0.2504587951963313,,,,,,,,,,
2026-04-23 08:25:22.442261,3486.5,0.1411032632223427,-0.1570241640945287,,,,,,,,,,
2026-04-23 08:25:22.442261,5258.5,0.0407944880752626,0.1386259271974986,,,,,,,,,,
2026-04-23 08:25:22.942686,3487.0,-0.026872960618365,-0.0416259135566719,,,,,,,,,,
2026-04-23 08:25:22.942686,5259.0,-0.0131403683261223,0.0181581127917371,,,,,,,,,,
2026-04-23 08:25:23.443100,3487.5,-0.005220687397079,0.0973439569154255,,,,,,,,,,
2026-04-23 08:25:23.443149,5259.5,-0.0450590104733126,-0.0949586126244026,,,,,,,,,,
2026-04-23 08:25:23.943484,5260.0,-0.4116488085334028,-0.2472419948913357,,,,,,,,,,
2026-04-23 08:25:23.943476,3488.0,-0.269827300479087,0.194252201401843,,,,,,,,,,
2026-04-23 08:25:24.443813,3488.5,-0.7790298834606993,0.3255371027915413,,,,,,,,,,
2026-04-23 08:25:24.443813,5260.5,-0.8543302251590287,-0.3850083158989746,,,,,,,,,,
2026-04-23 08:25:24.944160,3489.0,-0.91164633008652,0.4564310050839757,,,,,,,,,,
2026-04-23 08:25:24.944160,5261.0,-0.9032419806455002,-0.4955430581023645,,,,,,,,,,
2026-04-23 08:25:25.444469,3489.5,-0.7936269258737518,0.5368204261508083,,,,,,,,,,
2026-04-23 08:25:25.444470,5261.5,-0.744729060663801,-0.6000631649198483,,,,,,,,,,
2026-04-23 08:25:25.947566,5262.0,-0.9114217497717724,-0.6830482792507743,,,,,,,,,,
2026-04-23 08:25:25.947814,3490.0,-0.8425309319606161,0.6511143299107294,,,,,,,,,,
2026-04-23 08:25:26.447868,5262.5,-1.1651503325363015,-0.7847710434206874,,,,,,,,,,
2026-04-23 08:25:26.448161,3490.5,-1.085938286419604,0.7398745223242528,,,,,,,,,,
2026-04-23 08:25:26.948270,5263.0,-1.0213236674236037,-0.8296665938509787,,,,,,,,,,
2026-04-23 08:25:26.948463,3491.0,-1.112255717913628,0.8085037096132263,,,,,,,,,,
